# TLS secrets log file, generated by OpenSSL / Python
SERVER_HANDSHAKE_TRAFFIC_SECRET 55d4c6ed9a03c738b38c1535ce6ada239f9f8d7ba896f4a26b104c97ce32d399 e4900e5be6297b151ae489be02442ff290b86c1129b8b9c78d09c505ba0230442450331f9fa073f9d5de1eefb0becc01
EXPORTER_SECRET 55d4c6ed9a03c738b38c1535ce6ada239f9f8d7ba896f4a26b104c97ce32d399 170e51b030c26a1cb1c99970b28590a3d3f17d7b57829d51e6444cc2d244ca9f6b74fd46ddb1e57f45894ad80314841f
SERVER_TRAFFIC_SECRET_0 55d4c6ed9a03c738b38c1535ce6ada239f9f8d7ba896f4a26b104c97ce32d399 61743ea0ffa64f64b26ae629727a81e547196c8edb471b18e340404bcf293c085eb1a4645b57a1b246da5c6ccfc05eda
CLIENT_HANDSHAKE_TRAFFIC_SECRET 55d4c6ed9a03c738b38c1535ce6ada239f9f8d7ba896f4a26b104c97ce32d399 389682bef64bf514c183497f0df370f2a21dde2392e7680f255766305bed5271f07ad2ee982a50c4983a2bac1a4a73ff
CLIENT_TRAFFIC_SECRET_0 55d4c6ed9a03c738b38c1535ce6ada239f9f8d7ba896f4a26b104c97ce32d399 b2fb0c2ec3f1e64850c521390bdc7135ee890dfd723f6f406d1104bca63a1e899d91040dc3f32f811ff46d9f8c65e5e3
# TLS secrets log file, generated by OpenSSL / Python
SERVER_HANDSHAKE_TRAFFIC_SECRET 3f4357e786eb1d95245d3e8ddfb49a3c76086853450b5b16f8e9c9bb9319fd6b d7c4cfe3cd44dcaa67e115920ec2472145b3f5f3d59bec099025722bebee64072f6a6c46ad0ce046d19d2dc59d5741c5
EXPORTER_SECRET 3f4357e786eb1d95245d3e8ddfb49a3c76086853450b5b16f8e9c9bb9319fd6b 3acddb05fcadb70e7f67ebccf82061f68244e67037a6d75ac2a0fb3fc3baddd37e8e091354dde5912348722c9acc4397
SERVER_TRAFFIC_SECRET_0 3f4357e786eb1d95245d3e8ddfb49a3c76086853450b5b16f8e9c9bb9319fd6b 9a906b652933ffecf2d2f34094d28962637e4b1428f44fb8e779e74b684f273b6d93376d5309235e6bebaf96ad3f766a
CLIENT_HANDSHAKE_TRAFFIC_SECRET 3f4357e786eb1d95245d3e8ddfb49a3c76086853450b5b16f8e9c9bb9319fd6b 1710219e818ceb0c1674536e825273fd592f4db13d10049774c51622ec531fd6a09593482bdbb1e9e7b8630d6704a5c7
CLIENT_TRAFFIC_SECRET_0 3f4357e786eb1d95245d3e8ddfb49a3c76086853450b5b16f8e9c9bb9319fd6b 5efa98cc543530fea689b0af9e37d20ed180f9939a81d3bc6a21e16526d47f5891b3b07c7e446c212ab7cbc0a3084b96
# TLS secrets log file, generated by OpenSSL / Python
# TLS secrets log file, generated by OpenSSL / Python
# TLS secrets log file, generated by OpenSSL / Python
SERVER_HANDSHAKE_TRAFFIC_SECRET 221a1c0d1a4c51ccba9a38823d21024929d15d6ba7fd3d3c51223d32821c2847 fcd82b7cf488b7b71f48dba283e11e0aa580d05ad76ba6d423fe02c0ec3a667c2370945b639272ae5cfa966a2e74db22
EXPORTER_SECRET 221a1c0d1a4c51ccba9a38823d21024929d15d6ba7fd3d3c51223d32821c2847 0f24c76f541a87bb526a5c05c2a72e5c632df0063bd5c90f6d51a53017993d999b823ba4c2ff9914cde7856a541f877a
SERVER_TRAFFIC_SECRET_0 221a1c0d1a4c51ccba9a38823d21024929d15d6ba7fd3d3c51223d32821c2847 133fd91f4116640de225bac68bfa613268214967d6c1eb741824380b43f79b0ecb85955ab9dc74804720179ed6d24418
CLIENT_HANDSHAKE_TRAFFIC_SECRET 221a1c0d1a4c51ccba9a38823d21024929d15d6ba7fd3d3c51223d32821c2847 72126a7a61336b3ac50ee9ac321c67ecdd49844dc3d5646300267488857821870c8fb0b2ab76f33e3fc44dd8a60a1982
CLIENT_TRAFFIC_SECRET_0 221a1c0d1a4c51ccba9a38823d21024929d15d6ba7fd3d3c51223d32821c2847 71bb420abbc8d9e853e3ed79ef70362934ae93ff9f89a42799dfe0bc7406a71ac5e924620e75f9b8f7c31ea21c9a0446
# TLS secrets log file, generated by OpenSSL / Python
SERVER_HANDSHAKE_TRAFFIC_SECRET 2e2f1e2482965d173dfbb146b513ad4b92314d693d78ddd36d5d1e45c00cb846 f1f55e3f70c20e561b05dde83b3dd0275261f5304b95a1fa5c02deb6cf6ee8acb95da7a7c23792fa92e2287be95cc215
EXPORTER_SECRET 2e2f1e2482965d173dfbb146b513ad4b92314d693d78ddd36d5d1e45c00cb846 174b2e0729e0f4286370697fc8556e5d443c52b07d963f153b66ff45f2db6c2748e7431a235ba61c2fafdae4095f5dfe
SERVER_TRAFFIC_SECRET_0 2e2f1e2482965d173dfbb146b513ad4b92314d693d78ddd36d5d1e45c00cb846 afd25c2aef811de533e20e15d2d9f40ac92e5c72e5df0b2fc20aecfbacf9a4e704a305132cdc578d157b6225ca589e9e
CLIENT_HANDSHAKE_TRAFFIC_SECRET 2e2f1e2482965d173dfbb146b513ad4b92314d693d78ddd36d5d1e45c00cb846 f330ae1cdad45f8e5fa5b3079b83f4bb857a674e56aaca2a8a369ee7c2d3a073e385a3fbb126cb2c5780d06c1bcdf6c0
CLIENT_TRAFFIC_SECRET_0 2e2f1e2482965d173dfbb146b513ad4b92314d693d78ddd36d5d1e45c00cb846 417b48c3cadabe68e0a0e35889409be57a5715efb6cf56aefc86e8065a751c64d24d3fe6c7dba44e4506a477eff779c8
SERVER_HANDSHAKE_TRAFFIC_SECRET 092261b6b7075e06e864eb2db2c071e6dfdf3bab544cc22717dbb639625b55ca 126bd83ab928b0bd12c1d41535e2342ae2e14d44b0fe387f4b89729e5ead1d2268d0ea9a47969d6299cf3280e4119d76
EXPORTER_SECRET 092261b6b7075e06e864eb2db2c071e6dfdf3bab544cc22717dbb639625b55ca 50197c08a32f0f4861ed34f5ab7e24b4cd5cda403e7000c0a4717244fa2e311ad597589f3287d9f2f593feea1715111b
SERVER_TRAFFIC_SECRET_0 092261b6b7075e06e864eb2db2c071e6dfdf3bab544cc22717dbb639625b55ca 19354891c6470e01fe211a3afb566baa3fedacbc27d7d63aed118c510e1931f16427fdf580c4cf356972197c618cdb01
CLIENT_HANDSHAKE_TRAFFIC_SECRET 092261b6b7075e06e864eb2db2c071e6dfdf3bab544cc22717dbb639625b55ca dc6c5218c60bf4752f37f471bb972643f0614446ade7ff99620f8aef06885fcc5e8df1f0c32c9b6a726528b9a3eaab50
CLIENT_TRAFFIC_SECRET_0 092261b6b7075e06e864eb2db2c071e6dfdf3bab544cc22717dbb639625b55ca c4926b0c56c457ba727689829073afe798329cadc0e46f17c208925d3547c1e9f1c1ffe16e250e2086353281b5ad6b70
SERVER_HANDSHAKE_TRAFFIC_SECRET 83eb1d1ab7e88c01d0d6e710fed26d19b4e433587cc535e094c5ab8498ba28eb fdcd7fec88bbdaaa364e5d9d04438242c0f36adc039aa145fb57b9c0ecf9b03b6450fd8bb3d0fe72c7e6c360dbf3ca79
EXPORTER_SECRET 83eb1d1ab7e88c01d0d6e710fed26d19b4e433587cc535e094c5ab8498ba28eb 59d783226613a8e9fd4887bfe1acf5cdbc47972242e0dd6d8cc0c36fa33a4550b6c86b22272260a35d86bebc6f24ad83
SERVER_TRAFFIC_SECRET_0 83eb1d1ab7e88c01d0d6e710fed26d19b4e433587cc535e094c5ab8498ba28eb 8ce9ce11e72605e761723b1b725a38e057df86c327c9c378fd0b2ca04aac08335c870d836957ed314af41885bc5e211c
CLIENT_HANDSHAKE_TRAFFIC_SECRET 83eb1d1ab7e88c01d0d6e710fed26d19b4e433587cc535e094c5ab8498ba28eb f14c09427a602c67f9b76a1e0d024ed981d2764beca2c4906d5707c59ff4123f6202495ec78b71df393bc3eaa99427f0
CLIENT_TRAFFIC_SECRET_0 83eb1d1ab7e88c01d0d6e710fed26d19b4e433587cc535e094c5ab8498ba28eb dc588a24a3df7429116fde8453e19403ecb7b3713e49c6117487c526b52b66d5435d4a9600c59779afa0f1528720f950
SERVER_HANDSHAKE_TRAFFIC_SECRET 666b6f1842d988e34f15b13128a2fee90087ed050eb87c63e7a38e561dedd880 c6516b10dac69e451f2e1c7dc8d4c745a70f8250e36bc64cbc167928d64ae7bac611565ba78de06e7e98d019bd8b935a
EXPORTER_SECRET 666b6f1842d988e34f15b13128a2fee90087ed050eb87c63e7a38e561dedd880 47402405d33a9f4fc23280814d4c56c7873fcd137edd3f3cd09472f4c797bba44c511a73298b7ae8b4403e69bb014d3c
SERVER_TRAFFIC_SECRET_0 666b6f1842d988e34f15b13128a2fee90087ed050eb87c63e7a38e561dedd880 790c19962eefbc80e57094910874f6e369029bd992672d68238b1edd3c1893f28d88e9ea7f26970c116110a3e7803627
CLIENT_HANDSHAKE_TRAFFIC_SECRET 666b6f1842d988e34f15b13128a2fee90087ed050eb87c63e7a38e561dedd880 448d18a9cd2f4aa1623e63c53f700b591cdba3afc52ee0e43f1ecb022ad927c6f78690e7d445cb25ab98f0ad6270bc5d
CLIENT_TRAFFIC_SECRET_0 666b6f1842d988e34f15b13128a2fee90087ed050eb87c63e7a38e561dedd880 d08065664fdc0ba4c0a77933abed27ee01e9490c35a1bc53dab37414a43c37605b2fbab1760e9b0b70d8d5268a3cecc5
SERVER_HANDSHAKE_TRAFFIC_SECRET 6a2abac1b2a1beadafca6a992add5961b56736e8ee448c215c16a4c790c57a70 90712457faa0551ee85d200d1e06c0a0b95269f6e87b601d44337906bbd9654eeb8c9808f09ff2570744641933b3ec25
EXPORTER_SECRET 6a2abac1b2a1beadafca6a992add5961b56736e8ee448c215c16a4c790c57a70 6eec5b0b95e28e68550c419b35543a693439862829fffde8bb1593b313baac92dc561faf229764d288d349776bfa8535
SERVER_TRAFFIC_SECRET_0 6a2abac1b2a1beadafca6a992add5961b56736e8ee448c215c16a4c790c57a70 960ba9bd13c590a749a4e8834ff1d61d4e252fd4eaaf837007c8581c647583ab5f675aecf7312b5fa11973aa9ffa8132
CLIENT_HANDSHAKE_TRAFFIC_SECRET 6a2abac1b2a1beadafca6a992add5961b56736e8ee448c215c16a4c790c57a70 14e83773f7e64c03494e1e31a4498436b1a33409a9f764754cee2952fc4717b9808224f2f5f4cf384869d7a47e304e10
CLIENT_TRAFFIC_SECRET_0 6a2abac1b2a1beadafca6a992add5961b56736e8ee448c215c16a4c790c57a70 df179cffbb0381dcc876c2eeaa94b123c25d3cb55277e8dabc8cfb1d6b6393d4fb98b11e64f13daac33be7e4dc25fe13
SERVER_HANDSHAKE_TRAFFIC_SECRET f460ec65610c354a0a9a568e51a5b80aa168d9e2325d4c36ba484def920ff886 c2dc36ad3ea95166dfb940d272b5279dada1fc8472d0bdbba246b3a6f64336e89da16870e25dbfa33c0728bc142669cc
EXPORTER_SECRET f460ec65610c354a0a9a568e51a5b80aa168d9e2325d4c36ba484def920ff886 de5b2169c700776f8f9d72952f0876d25c1fe67cce9c9943cab5d165df9467491a41fa38d9ae810dafb42397b700a34d
SERVER_TRAFFIC_SECRET_0 f460ec65610c354a0a9a568e51a5b80aa168d9e2325d4c36ba484def920ff886 9b8c28a672e6677837e6e6502ed7a3a93b0cf7edeab74fcf386f8a4581855a7e158f44b2d096d46176ec99be921d4b9b
CLIENT_HANDSHAKE_TRAFFIC_SECRET f460ec65610c354a0a9a568e51a5b80aa168d9e2325d4c36ba484def920ff886 ba21bab21ae13b3ecfa673fa08f6847efd54b92c881b4b40055ac0607f4c599586a8ea37be463586eaa7ef43ece70905
CLIENT_TRAFFIC_SECRET_0 f460ec65610c354a0a9a568e51a5b80aa168d9e2325d4c36ba484def920ff886 0707d70c299c8b315a61291cb153dd80a7fe3825c23134e0da8fe22376892d0499ef45014c6eb5fcd5110473805c5afb
SERVER_HANDSHAKE_TRAFFIC_SECRET b1294293b6bb006346eec66d320fcaf35cec8ff1273d660eb04103c0ba307c20 cd929bd490142d6f5712837953d93057edf4f310a9dea2d1e4851896a3ce2845fb8178d4bcff18c302f0bea7c3b43c8f
EXPORTER_SECRET b1294293b6bb006346eec66d320fcaf35cec8ff1273d660eb04103c0ba307c20 66c1b513d2cec547ed4e1d1bbe862e98d952b50aed139182d800020dfd8a3df24c966d416c47831ccba6c5db13c480f7
SERVER_TRAFFIC_SECRET_0 b1294293b6bb006346eec66d320fcaf35cec8ff1273d660eb04103c0ba307c20 fc98543dc47b24bc9f4e5aa7c1fc7f9768fedec4549b4ea3432fde7fb6f0a95afe9bc20483851e7c27d09cdfab20b164
CLIENT_HANDSHAKE_TRAFFIC_SECRET b1294293b6bb006346eec66d320fcaf35cec8ff1273d660eb04103c0ba307c20 77dc4a6e5412316b0bfff69ea67a687fcd06808877bb405de6392600a107265b0971b6660c25e4fb7a52272df39f3346
CLIENT_TRAFFIC_SECRET_0 b1294293b6bb006346eec66d320fcaf35cec8ff1273d660eb04103c0ba307c20 dc93848513d4111f838d5a8a55e7a7580340c67222a18c5367d9a8328d53c4d2609afaf92896bb9517cd872c0fe0359e
SERVER_HANDSHAKE_TRAFFIC_SECRET 5c33db22a6ed883e0aeb6ff955f667f6bda0a83b1a5d402adc65b476365cf54a 6a16cb6624d5aa1eca9d772f85787bd673d3c05d28dbb9eade3672406c664a4dcb1c57cce358ec2c59245d563e060c89
EXPORTER_SECRET 5c33db22a6ed883e0aeb6ff955f667f6bda0a83b1a5d402adc65b476365cf54a d043cead6db41cdc33a73e26e5889d54e753e174d0fd8fb39dc146c8567c24ad4e154df1e29990a2d8876b268dc8d6c1
SERVER_TRAFFIC_SECRET_0 5c33db22a6ed883e0aeb6ff955f667f6bda0a83b1a5d402adc65b476365cf54a 31aa2463be753593f80ee43503513a96f297eb291792c141cef2c0231e8e190b273c836b94025a8b0ffcdb8158a8881b
CLIENT_HANDSHAKE_TRAFFIC_SECRET 5c33db22a6ed883e0aeb6ff955f667f6bda0a83b1a5d402adc65b476365cf54a b1c7c2ab8f60ea7ab6042c450de47df3db4ebdb4e8d4cbc057087295cce322cf4d2117362fc305d8fc69deb26f1d2896
CLIENT_TRAFFIC_SECRET_0 5c33db22a6ed883e0aeb6ff955f667f6bda0a83b1a5d402adc65b476365cf54a 8e59deb5f942c5943cbf5046676befd1bf0f09e37ddc88b05ba991164f62fd81e1c36291017a92ab35fdefd47aabe7a2
SERVER_HANDSHAKE_TRAFFIC_SECRET a49f37ccae8f0ba9c311220b24532bd4bd5f93aea335b35fa39838269430c1ba 73fa68ed2054d9c9655241a28dd34d69c888550245f1b7ca61d138989747c71c5bf97253b019c8dcc9134e099aebc3b9
EXPORTER_SECRET a49f37ccae8f0ba9c311220b24532bd4bd5f93aea335b35fa39838269430c1ba d7b8d0567dad9aeb041f00a3daa93bc6bb604c5aa7309fddc9180d7bc7ea76bcb8d9fb5d50288c33976899261fcb9d40
SERVER_TRAFFIC_SECRET_0 a49f37ccae8f0ba9c311220b24532bd4bd5f93aea335b35fa39838269430c1ba eec0f0bdd7acdfe217bbfd1d5bbccbf80c7c39367347bb607bb0f218e6232e893902f526294a906ad0c3bb9bb5c66184
CLIENT_HANDSHAKE_TRAFFIC_SECRET a49f37ccae8f0ba9c311220b24532bd4bd5f93aea335b35fa39838269430c1ba 09c98f33da275eceaf8cde614c96d93b78baf82fc4f6d7a8957ee3329a62e0f5ec74eaa46110c9fc23d7ffea4633946e
CLIENT_TRAFFIC_SECRET_0 a49f37ccae8f0ba9c311220b24532bd4bd5f93aea335b35fa39838269430c1ba 6bcfb31c4451300a70daefe151ebe61320a5c2adadadf89c8254e233cff051d5cc2e2d13ecae59b569e655515c6ee716
SERVER_HANDSHAKE_TRAFFIC_SECRET c434682dc1a4248407882a378b5dc85bda2c9a75aefe35a3e143a8ad44900d8b 7feb1f9e2f1a820c303e4e3cb286d766fb5b90f2e8b7aa4cdc5af4f5364315aed82e1ac2cb71ce565f4a0f9fb3342102
EXPORTER_SECRET c434682dc1a4248407882a378b5dc85bda2c9a75aefe35a3e143a8ad44900d8b 2398be1108e755f97568d7c209dfb8a3eb786bd97b6384c18fe1b87c1ccbe7dbbcbe5fba9b2a029cab508a2bb5a67d99
SERVER_TRAFFIC_SECRET_0 c434682dc1a4248407882a378b5dc85bda2c9a75aefe35a3e143a8ad44900d8b 8dd1094e5c138d9a21364b097c01914ba519d13c18b74f461b7eb66f4d42a702ad5426d313abbe1e977141efb7e8463e
CLIENT_HANDSHAKE_TRAFFIC_SECRET c434682dc1a4248407882a378b5dc85bda2c9a75aefe35a3e143a8ad44900d8b c26da09e744b28e67d380092a4545d2ceb3146b6fe592901ef25416b66862cdda8c83c8467ae1a9a08d428ea647ccf29
CLIENT_TRAFFIC_SECRET_0 c434682dc1a4248407882a378b5dc85bda2c9a75aefe35a3e143a8ad44900d8b b1dcc5774514b040c74e1d3337448d403ff2f0de48ef2596b853ac374866580a079025e6d0d086357c52c7a3bfa918be
SERVER_HANDSHAKE_TRAFFIC_SECRET 9d956413df118121ff62c46678a5e422e8312fda3841a229e20bc28660c2d5df fcac0ea9ef3899be3d0a72d2dc435518ceb44c0154048cc263804ae87f4818a16e650c74308852c4b9b3f9b00654ad39
EXPORTER_SECRET 9d956413df118121ff62c46678a5e422e8312fda3841a229e20bc28660c2d5df c3d893f46ddb52a6e1e7b233b1d2bc3ea9b416956bb4ada9b6983f39da4fe02653f585f50da0576d9a78af5ef0e9623b
SERVER_TRAFFIC_SECRET_0 9d956413df118121ff62c46678a5e422e8312fda3841a229e20bc28660c2d5df 463c48eb7f815905045f33e4633e2d908abc27957a74cbae0595a930499a85d48160ef09848e8a2734327c0da12cde58
CLIENT_HANDSHAKE_TRAFFIC_SECRET 9d956413df118121ff62c46678a5e422e8312fda3841a229e20bc28660c2d5df cd73a83bc43e73b29aa6f512529838b623901672c9c51b839e82078c20e6283f0b05a208544deec4060357c022e3c617
CLIENT_TRAFFIC_SECRET_0 9d956413df118121ff62c46678a5e422e8312fda3841a229e20bc28660c2d5df 1a15e6dd0eb64fdf4dd60c8b46447eebc4824c95010ef0654d22d00119e5c4cd14239a841f5b720a46e48fa9cee8d878
SERVER_HANDSHAKE_TRAFFIC_SECRET 22ea8da6ce03d49f11a7ad1396c5155c177528e64ab7915a629c98b5a325ad4b fe529f138ebca7287c07acf21b24da910a6469260e58e62272f714d12876ea68bd57d584d1c6d8ee5d9e9a508fb6b80b
EXPORTER_SECRET 22ea8da6ce03d49f11a7ad1396c5155c177528e64ab7915a629c98b5a325ad4b e3c097a9d681ebd0d2ce5e2ffb6f06543d5b64c31c886dacd19fea2c7b149728cdc8fae54a7680d9f55ad2a24f552447
SERVER_TRAFFIC_SECRET_0 22ea8da6ce03d49f11a7ad1396c5155c177528e64ab7915a629c98b5a325ad4b 77d91b5902a29f25b3c9108ad348b1f1bfc630fc59bcb2eaaabedaeeb1cf9f0d315a2ff9368a0b1952f0c474406fb138
CLIENT_HANDSHAKE_TRAFFIC_SECRET 22ea8da6ce03d49f11a7ad1396c5155c177528e64ab7915a629c98b5a325ad4b e62b1f01c9b257c2779b5cb55d23ddb3de05e6ed8de34755ae6e054f38990ef9182e788a0b99adb3bb7817f6960dd311
CLIENT_TRAFFIC_SECRET_0 22ea8da6ce03d49f11a7ad1396c5155c177528e64ab7915a629c98b5a325ad4b 0acb57e81001abb9e441059e604177faac3413bbd26c96d5cc0435a428114fe13c666b750de659ca34388331963ca9b2
SERVER_HANDSHAKE_TRAFFIC_SECRET 4b5946dc0491c1c207b15a8f5ccef74e0aec9801111946a65703c4aa3bad4f6e b53715f7b9df8ced6513b628f64927b7d0a8919212d7fdfa5b9c59ee1fcd21875cdb0d885978f28d3f59f037ad058284
EXPORTER_SECRET 4b5946dc0491c1c207b15a8f5ccef74e0aec9801111946a65703c4aa3bad4f6e 785c9242a9ca5016bd062957be004121ba951f8bac52cf7520ed2d65f9425fbb485e0aa5a81336d322e5c23bee6b4c10
SERVER_TRAFFIC_SECRET_0 4b5946dc0491c1c207b15a8f5ccef74e0aec9801111946a65703c4aa3bad4f6e de89ab5e23ecc7a45891b125377f3fdafee78be1fd076db2b3073351f314360ea7c82d5614923e9a945c09732d645d38
CLIENT_HANDSHAKE_TRAFFIC_SECRET 4b5946dc0491c1c207b15a8f5ccef74e0aec9801111946a65703c4aa3bad4f6e 1231447dda095e7b83fddb9b4f3a18196e1285511b91a3bf15efa33e8890bec0a28b55905680e6cb0c9110d8e87f5003
CLIENT_TRAFFIC_SECRET_0 4b5946dc0491c1c207b15a8f5ccef74e0aec9801111946a65703c4aa3bad4f6e f978ebf5a13f715785e1425c92bd298491f09cfce5f5f3941a7b144a875dec30408a9228f0ff510b172df36aaab05df1
SERVER_HANDSHAKE_TRAFFIC_SECRET 2a16d3299acb9d20bdb1e5ed822769345c1890b79ab3b4085ddfc04be6639172 96a20d3595f9eae2d3bd80bfa9f61cb915299b4971194551234df3143da9cf91d2da7e7517e34d8e6064aa1022afac04
EXPORTER_SECRET 2a16d3299acb9d20bdb1e5ed822769345c1890b79ab3b4085ddfc04be6639172 beb16a2e61c1d07be372119180757a25d6f7023a3b36d8208f5984fc6eca177ddb0c6812831cdc2ed268045e11a0b31f
SERVER_TRAFFIC_SECRET_0 2a16d3299acb9d20bdb1e5ed822769345c1890b79ab3b4085ddfc04be6639172 2d2ed77c76360a60af226f9849096da738d591caa1bb66c82bec1501b2c31b25bb9b67f03bd8e6e2118506205d807e3a
CLIENT_HANDSHAKE_TRAFFIC_SECRET 2a16d3299acb9d20bdb1e5ed822769345c1890b79ab3b4085ddfc04be6639172 9639dfade800f034bb0e86361b291a2330e890af686c90a92bcef62c6b03b2231ba3f3072a23eebc589cbb08a5430082
CLIENT_TRAFFIC_SECRET_0 2a16d3299acb9d20bdb1e5ed822769345c1890b79ab3b4085ddfc04be6639172 a598a5b152c1b4a05f7f1dac2f5ca46778b16d34434bddcc2bda2b1d963f77c17c3538a26b38845c3ef8e5079fdfe3c1
SERVER_HANDSHAKE_TRAFFIC_SECRET d1508849d839180188b15ee7db5d898703c70a076d6e9a287f56d1bf4269cf09 6d6092bff50b745dc21bf5202a86aa7b43a6f5820318c9226d1d7e2a955979ff5603d7c42bcc8d47064078610a3b8825
EXPORTER_SECRET d1508849d839180188b15ee7db5d898703c70a076d6e9a287f56d1bf4269cf09 786e983620080b514a6a3c30e561550fe76459953a2e48f3fd50567c709bd4b3ebd5530ab5c45383a6335eecbd43e936
SERVER_TRAFFIC_SECRET_0 d1508849d839180188b15ee7db5d898703c70a076d6e9a287f56d1bf4269cf09 5f300ef323cdd36f1e2e7938ebc093c48179bfa9fe801c14f0456608db96f620ae5f7c65cabff3eab67f05df72b142af
CLIENT_HANDSHAKE_TRAFFIC_SECRET d1508849d839180188b15ee7db5d898703c70a076d6e9a287f56d1bf4269cf09 d4d9fef3f319581e0f88bbf8070314cf2ec42d1fc938d6eb656c4edb71259cf34b0aecf28a23e958aeebd131669dbf7b
CLIENT_TRAFFIC_SECRET_0 d1508849d839180188b15ee7db5d898703c70a076d6e9a287f56d1bf4269cf09 1213409e62351b14eb188e7466ad742e3bc8c73096ee4424c00bf922cd5aab5b74fb4487390a9d7d023dbbc4642afe43
SERVER_HANDSHAKE_TRAFFIC_SECRET 72f8e85ea098e29a71ee118df7d34b9a80af87b1c799041c37c2e516fca9cb5e a75e527e0b238c6e9ad18d36478f81c6d8a3b106c4bc9d885a41a6f9894e49c95ae8bf62a842dfb50b302c63f06e9e29
EXPORTER_SECRET 72f8e85ea098e29a71ee118df7d34b9a80af87b1c799041c37c2e516fca9cb5e 4cd47133a158995ad76d551ef1664674827e2a2a70f393df84e7f40657caaaa5eeb08426dc1b235a4528b5a52519e210
SERVER_TRAFFIC_SECRET_0 72f8e85ea098e29a71ee118df7d34b9a80af87b1c799041c37c2e516fca9cb5e d348e6ea4e2eb3e9bae3ebf04ec064047950c7c47c8b8c25bf5446dbffc0a84090036719415fc34deda40a361488f2d9
CLIENT_HANDSHAKE_TRAFFIC_SECRET 72f8e85ea098e29a71ee118df7d34b9a80af87b1c799041c37c2e516fca9cb5e 539bfaa05451e443a3f15f81f9231fe8105678f19edc3aba784a6f99f6f5a8ce44c8b887a3edc59c2349dac8e34e3197
CLIENT_TRAFFIC_SECRET_0 72f8e85ea098e29a71ee118df7d34b9a80af87b1c799041c37c2e516fca9cb5e a681a7ad623a904bcf8c3e7fb432476fd7b8a549036c447d57a40c0b36a97fd9321e415a00114e4b1464ab1145253c0b
SERVER_HANDSHAKE_TRAFFIC_SECRET bd6c94e29f693ba797b583e3176fd47d8158b2604fa8872a40b6b94ff2bc7c46 62f9287085f3dae6a59d1ede09e43ad76bcff7b64369b9ba8d7c0ccb562bb24ec3a17c36c3b645db36cd7ee1462f7b14
EXPORTER_SECRET bd6c94e29f693ba797b583e3176fd47d8158b2604fa8872a40b6b94ff2bc7c46 04c77eb6e4c59ee6be604ebc142bc6eac2c679916852a99e632159fc6ef4ff43d1a8a7dbd16d94b77fb5cded19f33d09
SERVER_TRAFFIC_SECRET_0 bd6c94e29f693ba797b583e3176fd47d8158b2604fa8872a40b6b94ff2bc7c46 29afd0a6c26a7fa6ca1f09b2fe5fff76ac84e1383be282705a32e9e03f8f8e952564aee63ee0f3dc5ba0f5b431382e66
CLIENT_HANDSHAKE_TRAFFIC_SECRET bd6c94e29f693ba797b583e3176fd47d8158b2604fa8872a40b6b94ff2bc7c46 d0aeef551303d2f37b75d24a589152814e80728d9b71e6ae30ac5425c8a2317c863db06e060bf4d78f86ceaccb53f717
CLIENT_TRAFFIC_SECRET_0 bd6c94e29f693ba797b583e3176fd47d8158b2604fa8872a40b6b94ff2bc7c46 728e93291f1768d4a1e6f902726b5c7f08653cbf57d69fd79cb6d9507f0fdf4a26926feb8383c445122109d822482c02
SERVER_HANDSHAKE_TRAFFIC_SECRET 8aaf0cb9a5bd862a9a25b5c4be62773821c81f70a49a76e9d55c13b8797897b4 ff77c7a212948c081c84055e3724065b453cb15ec0ba55ca26dafc32ff45f08bbdc320395512f9c97c8c76fd7e9be73f
EXPORTER_SECRET 8aaf0cb9a5bd862a9a25b5c4be62773821c81f70a49a76e9d55c13b8797897b4 be45b5437619619922bb70e35f8ffafb50dfc4e90b8592fc42fd0bad8e4cbfe79e3545cfebd81ef0aff734c6a1fc5939
SERVER_TRAFFIC_SECRET_0 8aaf0cb9a5bd862a9a25b5c4be62773821c81f70a49a76e9d55c13b8797897b4 315d3e97c6b07e16e877667e76225cbc0faf6ac201f67dd278d1bba38148bfeaf08cc834e23046fca59791bbba32385d
CLIENT_HANDSHAKE_TRAFFIC_SECRET 8aaf0cb9a5bd862a9a25b5c4be62773821c81f70a49a76e9d55c13b8797897b4 3953511143980371610858e45881fef986acf343913e99a5ce820314e172188105ad5e41f2481545b1f04a88f8dfe1d1
CLIENT_TRAFFIC_SECRET_0 8aaf0cb9a5bd862a9a25b5c4be62773821c81f70a49a76e9d55c13b8797897b4 368b162bc77e384f025cc3d69113507f27f00b96fe5bab273a1baf93547eb81a1e8b2a9bd30314b0ef75d59630a7b8f8
SERVER_HANDSHAKE_TRAFFIC_SECRET ad4cec10c90f356ca1d35ab178106e6c67c7c6949f33ac929bfcf88cbaf4e599 b70a20ee5974400416c512d91dd35b5fc6a322ce44ac3362862322e492c2fc2b3fb25bda6e62edd3dd8cbb2a1e8db7c7
EXPORTER_SECRET ad4cec10c90f356ca1d35ab178106e6c67c7c6949f33ac929bfcf88cbaf4e599 e5245c537c99ca6b3dbc10b788dedaa9ca4124b8cd545c49b65a546a632ce889b1e8f8969856a596c4f9ad8fb7ba5899
SERVER_TRAFFIC_SECRET_0 ad4cec10c90f356ca1d35ab178106e6c67c7c6949f33ac929bfcf88cbaf4e599 15f61a982b61db1a26a7a10b7924ccc637d82086745b62c03eeaff344271db1fc067e782f41f8f75be01c7e77acc4411
CLIENT_HANDSHAKE_TRAFFIC_SECRET ad4cec10c90f356ca1d35ab178106e6c67c7c6949f33ac929bfcf88cbaf4e599 4e7c90525af35c9125ae695d2e41f628a787c7a7da1b216b29dc2adcb08792e76cb60e357af9314095319fbc2870a04c
CLIENT_TRAFFIC_SECRET_0 ad4cec10c90f356ca1d35ab178106e6c67c7c6949f33ac929bfcf88cbaf4e599 b4bafc08598b5771a11c60e211f242c4603be41d132a14794c65735859dba0f724642225563a7a8e2fa063ae3ff8c9f6
SERVER_HANDSHAKE_TRAFFIC_SECRET 7006b7f36cd7da4286a69afda3f648470e1da9a24384d347dac354a62a6f3107 41dd31f9d011880a8afec06e8e6d45c1eb1f92c4eb25a5b5313c8b3803ab07f845b44d6097d8010868c89476d11a25d8
EXPORTER_SECRET 7006b7f36cd7da4286a69afda3f648470e1da9a24384d347dac354a62a6f3107 78425c34955cd312c9ba337884ba1d7199dcb9a3104635437d90ae3e67bd7d34be507680fc9dd83e98af7c07b0c0afa9
SERVER_TRAFFIC_SECRET_0 7006b7f36cd7da4286a69afda3f648470e1da9a24384d347dac354a62a6f3107 cc5f43e6d9229d528caac419a0ca4e02a0663542cdbef5424c614b4bbdd19d1eb6a39e756f9b37f55fcaa363bccde2e5
CLIENT_HANDSHAKE_TRAFFIC_SECRET 7006b7f36cd7da4286a69afda3f648470e1da9a24384d347dac354a62a6f3107 21f1c23dd63865a052ec08a92359244d9d643e6b911b0168f1060d8e0e7d986b93059dbf1aeb19dbb1497707f43e8f5a
CLIENT_TRAFFIC_SECRET_0 7006b7f36cd7da4286a69afda3f648470e1da9a24384d347dac354a62a6f3107 e87f6c4a44b3efda8f5a4d48c24b4861e145a5150571b731d6334a69969483099fd4c8382f674872a202f1c6acbab418
SERVER_HANDSHAKE_TRAFFIC_SECRET ccb618310f540b301c8e6d61d57a370a662d8ffb9ee80574be7fe3b341a359f3 dfdcafb66ad347c9b0163c0447917496300a2c642b18fdc399746b0c9e1e0957dc6c2a17d1575feb5911676851f19682
EXPORTER_SECRET ccb618310f540b301c8e6d61d57a370a662d8ffb9ee80574be7fe3b341a359f3 2172817026e5ccd83887e888eb1b50027aea14cba983f52738be6afcd9ec4c919abf979b0bf4b3f7e13188abb4247221
SERVER_TRAFFIC_SECRET_0 ccb618310f540b301c8e6d61d57a370a662d8ffb9ee80574be7fe3b341a359f3 9a572867e6195a79111d3ae7b9e5480d73aec15e09c6c6acba144e23f6e27d39be5ed1ba461db6330abfae7c6c930ac0
CLIENT_HANDSHAKE_TRAFFIC_SECRET ccb618310f540b301c8e6d61d57a370a662d8ffb9ee80574be7fe3b341a359f3 9aab88f0ce9361d160b7ba6c5e2b93a1b2a93505d7ca41678271c7f23c74c32380d9a9d267c690b424b478e76d4df90a
CLIENT_TRAFFIC_SECRET_0 ccb618310f540b301c8e6d61d57a370a662d8ffb9ee80574be7fe3b341a359f3 fdd59d2e9a9ff6737957977d813b43583da62738db50774d0bb24160c34e2bea798a17f4f09f8538d439a0ad2042dd10
SERVER_HANDSHAKE_TRAFFIC_SECRET 62a45e352cd1d8994616496bcf031973c8de891cafad9fe841e4c4070a20a532 f88b0f494dc10e5ee71e6672c632c46cc5752fb53c5bf1e3b3ed2dd00c247f70c361cfd4ac04a1989e9949aa885f2480
EXPORTER_SECRET 62a45e352cd1d8994616496bcf031973c8de891cafad9fe841e4c4070a20a532 ea55c69f44867880b0dfc9fcb52e9b52804f78d89d4001a572661f1569164c01b9d0ef499cf6f93f5586532376ea9608
SERVER_TRAFFIC_SECRET_0 62a45e352cd1d8994616496bcf031973c8de891cafad9fe841e4c4070a20a532 19d5fd9c995a1d4193deefc2dd6c9514e02769fe64cd7d3d49a9df2fa39e19a15d259ee1955e9079458aeb3a5900db53
CLIENT_HANDSHAKE_TRAFFIC_SECRET 62a45e352cd1d8994616496bcf031973c8de891cafad9fe841e4c4070a20a532 80211540c312899561fbf19459c35f6603875600bbeea546bde6356367ea771a1cb8315aebd37b437e8950a30180c0b3
CLIENT_TRAFFIC_SECRET_0 62a45e352cd1d8994616496bcf031973c8de891cafad9fe841e4c4070a20a532 f60ec0ab0d8f5151d19a536a9b10cb9a69fb6c743dde3ce200b6f96dc88a000a591b1d313759a430c28b3b4cf16fb5b0
SERVER_HANDSHAKE_TRAFFIC_SECRET 82b70f7470c8604ded120b84c1867470e5ee975e681734f5b83083069c661ae3 839b0ec4201c5ce68bb67b071aceb627e5cd64565b5e16e4d1f155caf3a7b6cd18737c0e3617d7a569994455c11d96f1
EXPORTER_SECRET 82b70f7470c8604ded120b84c1867470e5ee975e681734f5b83083069c661ae3 a4253ddf9bb785c48cb9752a380807846cb3c669295065257ba7ecff54f0a87d383ca70222697d4742b61283a12247bf
SERVER_TRAFFIC_SECRET_0 82b70f7470c8604ded120b84c1867470e5ee975e681734f5b83083069c661ae3 bb32d78541e6c2c6e959292e4a278f1e2e22e44bf73063c4874a7838eed83150ade7857e623d2936b377fc7278b4a8d6
CLIENT_HANDSHAKE_TRAFFIC_SECRET 82b70f7470c8604ded120b84c1867470e5ee975e681734f5b83083069c661ae3 0bc2a2cc4dec137eaa630202d68367fd11e2eb625401a557306a034e045bc61e54282460bd5b90ae58d6097f0c0078bb
CLIENT_TRAFFIC_SECRET_0 82b70f7470c8604ded120b84c1867470e5ee975e681734f5b83083069c661ae3 4c3c966375f996c0d0526a5142fa8a0d2e55999e0920d5bfd8a5abbbdd1939b8c2925476ba3b0ef20d9cffd253eb1922
SERVER_HANDSHAKE_TRAFFIC_SECRET 6fc51a42a913c2c41e87285c64b1faf1e16ca7635f180e4dd7117f7f46d351d5 fec69bdbdaf29395fcce4686ed47f8fd28a30abe4e6979f41b9b6fdaf53e82bb044bf93377f87821b1767ba6ec028737
EXPORTER_SECRET 6fc51a42a913c2c41e87285c64b1faf1e16ca7635f180e4dd7117f7f46d351d5 13a40e0a27588ae77f3023f375be37c8216f5d7e817c1801d621efc6914550002ff335b9211339053d930d470a036b08
SERVER_TRAFFIC_SECRET_0 6fc51a42a913c2c41e87285c64b1faf1e16ca7635f180e4dd7117f7f46d351d5 de6fa6593f0579568f712550b66c60d345199141069305882271b0f757d966f33c31c1c0d7fb2b99195fd7ee84cb00f8
CLIENT_HANDSHAKE_TRAFFIC_SECRET 6fc51a42a913c2c41e87285c64b1faf1e16ca7635f180e4dd7117f7f46d351d5 83cd7f32340d1441348496827fc2b576740d673704b74fc7b44838e24595ed47da295fe1b5adc85ae45d60c8b50c2613
CLIENT_TRAFFIC_SECRET_0 6fc51a42a913c2c41e87285c64b1faf1e16ca7635f180e4dd7117f7f46d351d5 f29f1c9e7f32677115188ac5f890b7a49ec0bb9295fe0bdada54b2f2e96733467c422183189df79f01825b05a4cff6d8
SERVER_HANDSHAKE_TRAFFIC_SECRET 2aa0ffcd96d130b91c723a61ea1a8ea548ef32162283cb3416acf81b70212b23 b60cf4d79c370e086c7ab23a8ddd15c4bad69e8f753b0950aedcf475567c95f8a3793f8084938dbac331900d1e9f0c1b
EXPORTER_SECRET 2aa0ffcd96d130b91c723a61ea1a8ea548ef32162283cb3416acf81b70212b23 7f3ec79f0eb4504e2a9430d75b51ba5d8ef37efc4c33548e1a03959668088f669b5567c37645c41139944e5ae9c3f971
SERVER_TRAFFIC_SECRET_0 2aa0ffcd96d130b91c723a61ea1a8ea548ef32162283cb3416acf81b70212b23 f11b02c06e8399e633442857f63224f95e35ba766bd74a96a27bdea3b4a42ec529f03d5f6ed59283e01a7f8f278988cb
CLIENT_HANDSHAKE_TRAFFIC_SECRET 2aa0ffcd96d130b91c723a61ea1a8ea548ef32162283cb3416acf81b70212b23 eecf7d9ca55bf76078a07278d7731948e92dec0d0a19542596f969b8de7cbb6a3c542f45132d8120761bab8babc35e1b
CLIENT_TRAFFIC_SECRET_0 2aa0ffcd96d130b91c723a61ea1a8ea548ef32162283cb3416acf81b70212b23 d2f91deeb4e06db193076bdeb661bf8faa1de725bd6b8abe0251a3475c3f59888709a71430c1de7bd3a979bf094961e4
SERVER_HANDSHAKE_TRAFFIC_SECRET 15b05914c72b779b072800b945ffc557c44bf1a9faf235b62fcdbb5b2cd8cd9f 3d0b155a837e592bf5d8da75d18264115c6576bdc1dcf88d8f4cafd1cbcf7febb85523c2402562494cc88678714058b6
EXPORTER_SECRET 15b05914c72b779b072800b945ffc557c44bf1a9faf235b62fcdbb5b2cd8cd9f 90ee2cbd61a2a517a44d740e89a05cb4d0aae7fe55891c75077e637944cfd479555b22f3b278c887e50e5f57b1508514
SERVER_TRAFFIC_SECRET_0 15b05914c72b779b072800b945ffc557c44bf1a9faf235b62fcdbb5b2cd8cd9f 8b93f85ce6befe03bb0f0cbb356481d7aa3c546cc3447db68a116ca58aaf0c526d1dbc52b421b876f23a4660cebe1ee0
CLIENT_HANDSHAKE_TRAFFIC_SECRET 15b05914c72b779b072800b945ffc557c44bf1a9faf235b62fcdbb5b2cd8cd9f ccf5676d7555faabafe6771f46dd81dcca08df6919a5abf1c737ac74d10950501cb398a63d3e3cc84de8510741a5bfa5
CLIENT_TRAFFIC_SECRET_0 15b05914c72b779b072800b945ffc557c44bf1a9faf235b62fcdbb5b2cd8cd9f dcc917e23a51a377038e3d7a3bade2c2ec9fbcbcbcc43b33dcec7463cbd21659325fec2bbb333b4cab91f6f758b60e8a
SERVER_HANDSHAKE_TRAFFIC_SECRET 26703b8970eaecf00d29b5473c8445bce194a5d8f0a03892f7253f3186cbf4b5 09cc61c148d7c8a898b87c7e8c4ce745635f4e082481a8baf88c2ec245ad74b559b710a866eaa6d262fa20b1f08983d3
EXPORTER_SECRET 26703b8970eaecf00d29b5473c8445bce194a5d8f0a03892f7253f3186cbf4b5 324d697bc00a39977b12e6b4c4bac7840f24435e29db555c6c449e05bdb180f748f84819aae4e374df99e3000b912848
SERVER_TRAFFIC_SECRET_0 26703b8970eaecf00d29b5473c8445bce194a5d8f0a03892f7253f3186cbf4b5 5d52d97aa37a498c87004b957d977eb2f5be7e64f9bfe425294d794bb0bab9134d249f491db4195aeabdca4b9de51aa6
CLIENT_HANDSHAKE_TRAFFIC_SECRET 26703b8970eaecf00d29b5473c8445bce194a5d8f0a03892f7253f3186cbf4b5 4d790c61d858f30c25c77e85d7cb1aa2cf0519655edb3718e7f11341f23379d3592922d734af3a6fd03ccadc21b12f4c
CLIENT_TRAFFIC_SECRET_0 26703b8970eaecf00d29b5473c8445bce194a5d8f0a03892f7253f3186cbf4b5 d7be70e8205a68a79deb8da787573a56ecc69c12c72cd3ce809c1c318686b3d17dbac3b2a079fbc0f6c90bddde8a69d9
SERVER_HANDSHAKE_TRAFFIC_SECRET 588908cb897aa7790971d123eafba495ec19eafa2cd9636f8be2ce72dde1c97c 7f4d1ff64996c9fb2f8022abbb8318bd7dde350419d9421e5b31a94473b4279c51f5cbeaaa1d1a519a178cd7875379bc
EXPORTER_SECRET 588908cb897aa7790971d123eafba495ec19eafa2cd9636f8be2ce72dde1c97c b4900064aa2782254bcab1fbf5b12b836f547b8b75a522c5d0f614ccb18be1c5dab660f7c43cd9686988a29cb9010459
SERVER_TRAFFIC_SECRET_0 588908cb897aa7790971d123eafba495ec19eafa2cd9636f8be2ce72dde1c97c 517f1e6c43c516056217397707854e4c13e5f90b13c89e689c51b6564cdc25bcc2c62065dead91008c908d355e4bfeca
CLIENT_HANDSHAKE_TRAFFIC_SECRET 588908cb897aa7790971d123eafba495ec19eafa2cd9636f8be2ce72dde1c97c 5a5c5f4d578d6a2fceb05e5b49db9b98ef1c1f09dba800f79712f44016e23b9fce725e069de43579a6bd0f9b5d2f35d8
CLIENT_TRAFFIC_SECRET_0 588908cb897aa7790971d123eafba495ec19eafa2cd9636f8be2ce72dde1c97c 3a9f201f02e8c154f913cf1d81f451e0ec74f478fef24b0f14ee22db7dddd618f6f80b69c52aa5801e702719a5c0fd89
SERVER_HANDSHAKE_TRAFFIC_SECRET f880397ee9335866710f82d82000679cfa0890fe2a2ff816171f9999b61df73f 6fb1682a7ebd17e43f67baa41495a920c09b8b344b43edae97f9a58a05d9db037c2bf6a0e1ff568f2c6a852bd688008f
EXPORTER_SECRET f880397ee9335866710f82d82000679cfa0890fe2a2ff816171f9999b61df73f bfb0b981170c0c7b63372dd16de75e418c6e9206d839125e9545d824b90963889743c143ac1e3e055986ff7071a5cde3
SERVER_TRAFFIC_SECRET_0 f880397ee9335866710f82d82000679cfa0890fe2a2ff816171f9999b61df73f 4b2ec5ed9b05701a9546cd176bddde95489b13996a1e1685b7db528dff0f06ff0168ae29422c6c095a234155929e6af4
CLIENT_HANDSHAKE_TRAFFIC_SECRET f880397ee9335866710f82d82000679cfa0890fe2a2ff816171f9999b61df73f 21189832deaea94e0b7fbbf431e763b4367fefca60a133880a19d8bcace48941a00131ddd5791a0a80ec6a73465e8ee1
CLIENT_TRAFFIC_SECRET_0 f880397ee9335866710f82d82000679cfa0890fe2a2ff816171f9999b61df73f 8e9bfc0e70b9a2e2f761b20c3d0e750c5907b661371ab4ac94b60027dcf46c880ca5b0c89e1467d229675c0301c5765f
SERVER_HANDSHAKE_TRAFFIC_SECRET e96493082b7fd29fc8ba50b27a8f143892137bc0bce8abea3b95821c723910b0 cfc3f080030ea02594eacfee0762eb6d3dd44c4f65c75acc97f5c72590c4f97300fe9263ade9bcc06e73cfa574dc7ff8
EXPORTER_SECRET e96493082b7fd29fc8ba50b27a8f143892137bc0bce8abea3b95821c723910b0 abf73b5d027069bfc37741ff69d88447c6a7873579b67dbd7bdbf54fcba1ba48e77d97b52546d62b5f5d1f81096ca5ee
SERVER_TRAFFIC_SECRET_0 e96493082b7fd29fc8ba50b27a8f143892137bc0bce8abea3b95821c723910b0 646137b98dd6e97b0fd91d6adcd1854686b4aab1b3485beae150d9a6fc411b177949db9aac5d0ad9f9faec68d4505e60
CLIENT_HANDSHAKE_TRAFFIC_SECRET e96493082b7fd29fc8ba50b27a8f143892137bc0bce8abea3b95821c723910b0 a36a406bd603398f9eafb81bdaef8e0e7c737cc41d27bc549fc0bddac5b6e17583d5502db374f61e70b0f467287c9e92
CLIENT_TRAFFIC_SECRET_0 e96493082b7fd29fc8ba50b27a8f143892137bc0bce8abea3b95821c723910b0 89b7deb0cc26b32eaeb0f917d492b4b3fd691e8e40fceea11d2b875641095b297115cfe186e44360457e93e564ba0ba5
SERVER_HANDSHAKE_TRAFFIC_SECRET 90916a180c3635a0f34c58337df3d380805970fdca7fad21a30c678a3621e604 2488236e64c637fc08aa92f6f67a3c8c8e28589a74ffa141360b397ee456eca5c9888b014f998b9b8974c18094b4539b
EXPORTER_SECRET 90916a180c3635a0f34c58337df3d380805970fdca7fad21a30c678a3621e604 47339c449740e9eed005580c70d0aa669302b82059fa69ec792c33daa4525ac9adc1401f8236959697e1324db8c42e70
SERVER_TRAFFIC_SECRET_0 90916a180c3635a0f34c58337df3d380805970fdca7fad21a30c678a3621e604 909bf8be111ce85706c91cfafc6980bfdfcf98b0fa657a3f550b930b4396dc01b5b453c21b335916b437b120bdbfa59a
CLIENT_HANDSHAKE_TRAFFIC_SECRET 90916a180c3635a0f34c58337df3d380805970fdca7fad21a30c678a3621e604 78391de1ef800bbe85165becfa820737adb3d58f8d79e159345609312941e2dbcdbd40fc6bc6ff88fcef31c58d483725
CLIENT_TRAFFIC_SECRET_0 90916a180c3635a0f34c58337df3d380805970fdca7fad21a30c678a3621e604 6d40d46186b5180c9ea467d35d59fb79c2327411bc11af7fc3b91400a703ad76c34405fa2da3be4d969ffaa2d9d17b26
SERVER_HANDSHAKE_TRAFFIC_SECRET ee516a2b8a010bdb0f18512cd6e87b68bc6b155b2cef6b789e64a62d2c212296 f9cd08650da26ae45b3f6d4699b7aa840e38428a8be07743b26f069ca5776014566cdfa81e7fa005e99ba8ee67f774a7
EXPORTER_SECRET ee516a2b8a010bdb0f18512cd6e87b68bc6b155b2cef6b789e64a62d2c212296 7870e7871d396adb2e095ad7993ab01b836599b9894d3ab9306d9ce9516e43d909761963f69b4894d0d6d2a2caa5f321
SERVER_TRAFFIC_SECRET_0 ee516a2b8a010bdb0f18512cd6e87b68bc6b155b2cef6b789e64a62d2c212296 d85928120c8a1bd9b765afd484c78d379525e85867895b2bc4483ebc7b9effdf12b4218edcaa563f24177b3150db7f5f
CLIENT_HANDSHAKE_TRAFFIC_SECRET ee516a2b8a010bdb0f18512cd6e87b68bc6b155b2cef6b789e64a62d2c212296 1e9dfa28c3a3919f4e88adf88e628b65b1764ff7675babd0b82587fab21ab70866719a979695ba7bc755698e2dffb36f
CLIENT_TRAFFIC_SECRET_0 ee516a2b8a010bdb0f18512cd6e87b68bc6b155b2cef6b789e64a62d2c212296 605da5252966b954fd9b8518f20aa88aa43c792a5a672ba15841ad0cdf83b44ed56f9e542d790b76cc03c094bb8a633e
SERVER_HANDSHAKE_TRAFFIC_SECRET 8ea7686afd23e18575756ede4d279780542b8872c99a7ab3a6de37a243f561f1 8fd03864ef9868246688b8418e159e2d5356094bd6ad80612fe661912882bca3e38bfac612ce9b1b7f6a7ce890b753eb
EXPORTER_SECRET 8ea7686afd23e18575756ede4d279780542b8872c99a7ab3a6de37a243f561f1 19ce853783193fed28f0df16d7585e43b43cdd48364b6b05ca607d5e60a9b8a57d2cfd109044b0724c681ffdbbbe77d0
SERVER_TRAFFIC_SECRET_0 8ea7686afd23e18575756ede4d279780542b8872c99a7ab3a6de37a243f561f1 1ed3e2d57d62240e967a19518ac6e134b4d4b16408807462c855d27152de1e0870afc99eef82ffd720c28a51e24ac30a
CLIENT_HANDSHAKE_TRAFFIC_SECRET 8ea7686afd23e18575756ede4d279780542b8872c99a7ab3a6de37a243f561f1 6a1c138ea114f5532bb69b5d664ff0341ace6c8d74938d8a1c682654b61dd3bfccd4a6cab5441bd94de5f2bc1cc50fe1
CLIENT_TRAFFIC_SECRET_0 8ea7686afd23e18575756ede4d279780542b8872c99a7ab3a6de37a243f561f1 698c77de48dc9b77d4274f7751c2a2adf1f04f6d4ea27415286737864b3b1dae4fd91c401627a61786354ce8061a2d83
SERVER_HANDSHAKE_TRAFFIC_SECRET 982c0b0dd66c56a0b3d5487b1516d759a8780f7709adc1144832f3c2fb758a4b 36ba94f7921a0d5c6bbace4d694535b506844582d8750d7be60dc68d22ecb638975831b49d64433b897a207779112f59
EXPORTER_SECRET 982c0b0dd66c56a0b3d5487b1516d759a8780f7709adc1144832f3c2fb758a4b 2892b3c2ea04468e8b5c9b945ae7e5c6b418c8f5755ba84ad8e28df8bb4e47ebaac84339f1aee782811558ff93e10437
SERVER_TRAFFIC_SECRET_0 982c0b0dd66c56a0b3d5487b1516d759a8780f7709adc1144832f3c2fb758a4b d318350301df7ab7109a8dfa92a967ed72d02164e8ef96b2702b3b448c414e882a0593bbfd01c6f6c72224ff2fcb1851
CLIENT_HANDSHAKE_TRAFFIC_SECRET 982c0b0dd66c56a0b3d5487b1516d759a8780f7709adc1144832f3c2fb758a4b 3f4982b2f0db80e75c1d4234b803d29164dab8fcc2df9c6fa376e05cae73034aa258e9c070ffad1254cc7fd9224f9b6c
CLIENT_TRAFFIC_SECRET_0 982c0b0dd66c56a0b3d5487b1516d759a8780f7709adc1144832f3c2fb758a4b c04a2b265ac9f6c9139b5be2c21fd2bfcfb776b9f5f634918e87742673cab089828d58bbb72064400018edab30565f1f
SERVER_HANDSHAKE_TRAFFIC_SECRET d91d776c44dc311d87e0ed5f71e7c69bbb2eb3eb66a5765c59c9f1f4d89bb336 adeaa99c849a997e451334de3da93bcd8b375d580177f55a9c48c5d9beb1d77b1eee224663cb828e10d237dda5dd6175
EXPORTER_SECRET d91d776c44dc311d87e0ed5f71e7c69bbb2eb3eb66a5765c59c9f1f4d89bb336 0e10bc2ecc6d2749346c5660fbd205a580c42337493791979f0944d55f4e210a0c7e113ff63bad3d27da145715e8a989
SERVER_TRAFFIC_SECRET_0 d91d776c44dc311d87e0ed5f71e7c69bbb2eb3eb66a5765c59c9f1f4d89bb336 0f3f8d4e68d0632f0cad22f1007575eb0df8807085e17f8064784be9308a33747a8ebf003b86eb876abe5718e1d167f3
CLIENT_HANDSHAKE_TRAFFIC_SECRET d91d776c44dc311d87e0ed5f71e7c69bbb2eb3eb66a5765c59c9f1f4d89bb336 28222c8c704b9f91799e24cd988c87f371d6dcf9614286072901e4a71fd6246a8e3355fa69e45cf7e71d479dcc488cbd
CLIENT_TRAFFIC_SECRET_0 d91d776c44dc311d87e0ed5f71e7c69bbb2eb3eb66a5765c59c9f1f4d89bb336 e04fd4fc2def276336809a7be04b45112cba3380b0edbcc1ff27a95ba9a50a24c254bb94632b53727e2ce4ff09dad6b3
SERVER_HANDSHAKE_TRAFFIC_SECRET 8ef86f6ce7d465b9d2f82b609c2dc6b47629d25947b83028dace71abd63d7fc6 c3f9f740a4f4c2c732c3cc29884522233e6933533a21f349def67a7ba451c1153e368f858edff419dda7d4f162906397
EXPORTER_SECRET 8ef86f6ce7d465b9d2f82b609c2dc6b47629d25947b83028dace71abd63d7fc6 4bde57795170f5cdae01ab9500a33f5e3ea9cd2b81b25ff6dc5a9d2525dea704270262effa9cb1a99ecd854b7ace98df
SERVER_TRAFFIC_SECRET_0 8ef86f6ce7d465b9d2f82b609c2dc6b47629d25947b83028dace71abd63d7fc6 151d124bc2164bd5a498d4a0dbd4f00c662c4e5cc193e091a54d24d712c2e69173aac04c2eee1ef143a2871cc2454fd5
CLIENT_HANDSHAKE_TRAFFIC_SECRET 8ef86f6ce7d465b9d2f82b609c2dc6b47629d25947b83028dace71abd63d7fc6 859592739ad43143679dee760c5a027b6b33e2316f775735326cc6d8d42cd4143aafeba4208398fd96bb14cba19b4466
CLIENT_TRAFFIC_SECRET_0 8ef86f6ce7d465b9d2f82b609c2dc6b47629d25947b83028dace71abd63d7fc6 b22b1255e0965f1db517cbce13b63b7b8a12cb61f092e7924fe2e8c2f44e050bd213ef868250821289e066e68e5edf57
SERVER_HANDSHAKE_TRAFFIC_SECRET c60a6d6ee6facb4df39854d1c6b55a856f76864b1bf1a67b7027b0374c967a81 70e864974540e964a2162cc30ac2b708a8af3b3c3f31a64b88a48d0658af9c626fda4f4864a33aaebd121a7bdcf02c51
EXPORTER_SECRET c60a6d6ee6facb4df39854d1c6b55a856f76864b1bf1a67b7027b0374c967a81 559094c331cfe01942aeede18dfc586dc5efe4402347974fbcafffa168222f2a4521089fe39c5bbf5a622007cecab766
SERVER_TRAFFIC_SECRET_0 c60a6d6ee6facb4df39854d1c6b55a856f76864b1bf1a67b7027b0374c967a81 013bade00b8187219f63b130435f02ec22d7e0e2e8b709fbf43cb2ef681cd6ca954a310a5013dc7a8750282e256a8228
CLIENT_HANDSHAKE_TRAFFIC_SECRET c60a6d6ee6facb4df39854d1c6b55a856f76864b1bf1a67b7027b0374c967a81 a66f09ba1ed754adc4fc1b5bea6cd49cb57a8195669388fe2f6e81ff0ede6a6fe39d68782bda38a1606d4dd6d5ca9ad4
CLIENT_TRAFFIC_SECRET_0 c60a6d6ee6facb4df39854d1c6b55a856f76864b1bf1a67b7027b0374c967a81 b2edc62c7d525cfffecc9716c83fe293c1dcd1393c36ee3f32e5c16fe7df17d82dd300434bd4bf8ff4e75d95570c2689
SERVER_HANDSHAKE_TRAFFIC_SECRET 5cd95eb17acf0327645479799b60d92a140c3341dcc6053b53639b714e1e1c41 a024f13d8d99470ada4801e237bd015a365d218dcbfcbcaf68a2861bbd47401c16d923febf7963da23ec8b6463e7c1b6
EXPORTER_SECRET 5cd95eb17acf0327645479799b60d92a140c3341dcc6053b53639b714e1e1c41 e37737be3b930d88fa9cbb2a81ce31a0dc53d2e70082f2748a1ba86430b5dd43f5ed0e56f11d0e5a20b933d94b9942d0
SERVER_TRAFFIC_SECRET_0 5cd95eb17acf0327645479799b60d92a140c3341dcc6053b53639b714e1e1c41 eeafb82132e9528f8149b524d3c8f218f7996db9e5f290b424f3e4119abb72a02c8c134df6df377cbeb2f8c3deeb675f
CLIENT_HANDSHAKE_TRAFFIC_SECRET 5cd95eb17acf0327645479799b60d92a140c3341dcc6053b53639b714e1e1c41 f3794fedfb70ff8b926bd09c2e311837bb1665783115dede45bb336b4cc372e8802570b45a2eb408a726c6775c6e1190
CLIENT_TRAFFIC_SECRET_0 5cd95eb17acf0327645479799b60d92a140c3341dcc6053b53639b714e1e1c41 3fbb122753e423a40e1317cb3915ea981868d8a31e48428ccd774767c20e5dd570c3d41abe7c63aa22786595fe4d06bc
SERVER_HANDSHAKE_TRAFFIC_SECRET 8071b98544bfefe113ce8a706d36907c34964508a406e93ca7539f72d07ae70d e09c086df6445c1c946835093b8e228ffbb361380cbbc9878d64a90e068514428032905499d8ca690937fb92dcfcd8b9
EXPORTER_SECRET 8071b98544bfefe113ce8a706d36907c34964508a406e93ca7539f72d07ae70d e2ac4119f2a7cc4da2f5ad6b4f3ee59fc3aa0d707068165e26f2518deb3d02e9349857ad1bdffb6ad57fe505d045144a
SERVER_TRAFFIC_SECRET_0 8071b98544bfefe113ce8a706d36907c34964508a406e93ca7539f72d07ae70d 00262b0daa0a3e3c3d7f9e7158bed31bd8ef7c11e1103990c5750ae2520f5b3d4690bf89d375fbf8d694d4f77e1b84af
CLIENT_HANDSHAKE_TRAFFIC_SECRET 8071b98544bfefe113ce8a706d36907c34964508a406e93ca7539f72d07ae70d 2cb84d4a92abd95119019c5143cf4c5226cc115b809b76a82345319483c90d6a68378ffb2a6a0529f8fc1132e8944384
CLIENT_TRAFFIC_SECRET_0 8071b98544bfefe113ce8a706d36907c34964508a406e93ca7539f72d07ae70d 43c5665bc61e0cf1b8e00b1b3a3b8df9723beeb0ef6e8de2fb47839fc86f1573e14a0394a38733da4938634d5ad1297f
SERVER_HANDSHAKE_TRAFFIC_SECRET 99c0c7947f609c5ba66f616521b58fc83561adf511a8633755b482dbd55d0320 73eb46150e4543800a3a17a206692f6e0b4338880c955277ca45fb0e1ea8126b682f81d7050acc0dbecde3ae2847ecf1
EXPORTER_SECRET 99c0c7947f609c5ba66f616521b58fc83561adf511a8633755b482dbd55d0320 612761a6ed11eb1e226a60e0628df7358e4b73a39e39e323607e6ddf10b19b213be6ec85bd1d712f99058605489e39ba
SERVER_TRAFFIC_SECRET_0 99c0c7947f609c5ba66f616521b58fc83561adf511a8633755b482dbd55d0320 7e472cd9bf78d24228b93c72060dbfe0d07417c06217dd93ef4da38df6a015035c3309f208f735321cf2cbb0395aa07d
CLIENT_HANDSHAKE_TRAFFIC_SECRET 99c0c7947f609c5ba66f616521b58fc83561adf511a8633755b482dbd55d0320 094fc4283de4aa6a835368dad315856286b5edeeb778443d37999ed69b51f515e83f386b96b0c9ff89be78febb5df35b
CLIENT_TRAFFIC_SECRET_0 99c0c7947f609c5ba66f616521b58fc83561adf511a8633755b482dbd55d0320 fed558c933332056122faa2a09729e4511d35b75fda093239d2a014b9b5c4a17230029fdee81d2a9162d4833992b5424
SERVER_HANDSHAKE_TRAFFIC_SECRET 5a354241cd822e774df75a0d0e455c69c9994794a33b29c1c752d5ee152a16fa 354ad89ed64fb090fccc9a6a6398ff7dab2c6755dcf4091870ac8d50b67056e9080df4f44f1f9ea780f1989424869e42
EXPORTER_SECRET 5a354241cd822e774df75a0d0e455c69c9994794a33b29c1c752d5ee152a16fa 2a6ccf367b6166a8050f3d12e485c2206ae11bff28c75b06dbb62098ff6599c19bf1d945c5a9824c1dc062dbe8c42748
SERVER_TRAFFIC_SECRET_0 5a354241cd822e774df75a0d0e455c69c9994794a33b29c1c752d5ee152a16fa 5c03e648c79ebfbdc24459a4c50f1753133d0cb706993a23ff2ade81093dc5de99755e6f6ab8f652704b61caea9538ab
CLIENT_HANDSHAKE_TRAFFIC_SECRET 5a354241cd822e774df75a0d0e455c69c9994794a33b29c1c752d5ee152a16fa a68925416ab1a5d6faf614a0ea3e6089df3035ae8d270d4131a490717a70f67b71f6535cb0087485c7be2d72a3b66d0d
CLIENT_TRAFFIC_SECRET_0 5a354241cd822e774df75a0d0e455c69c9994794a33b29c1c752d5ee152a16fa e0e949d6d62c80021e4b9a4645444bda5ca03baf53948b4e3bd9de3946f06e74d7fd1a5d10b301237513fc4db8cc76fe
SERVER_HANDSHAKE_TRAFFIC_SECRET 2a7f204c51f9b6e56ba4e24c0bea76bbe6ee2efe6de5e6684763f3da69a6b946 7b4801a45996da7ef0ad8f635d32eb460a0f31a73ed26e5904bd6a422389335ba8002e428ce34e550387ff5ddc93e93c
EXPORTER_SECRET 2a7f204c51f9b6e56ba4e24c0bea76bbe6ee2efe6de5e6684763f3da69a6b946 e60a9e0cfcd5a14a79cac5f6ac972b857b5127e7e78d83712a05bec0233614f673aa90e4ffe87c983b29f63a3849453e
SERVER_TRAFFIC_SECRET_0 2a7f204c51f9b6e56ba4e24c0bea76bbe6ee2efe6de5e6684763f3da69a6b946 c3e4c529a96fb30b21bcdc298e1ea751992e492e0cc864c0ef17950e17a324925dfebeda9c8376163788d789b30b19ec
CLIENT_HANDSHAKE_TRAFFIC_SECRET 2a7f204c51f9b6e56ba4e24c0bea76bbe6ee2efe6de5e6684763f3da69a6b946 778e07600068b8e5e050e8373b1f71bab52641ad1687b9b10d9f46311340817415608b3068cc58e1256152b17dd2d2cc
CLIENT_TRAFFIC_SECRET_0 2a7f204c51f9b6e56ba4e24c0bea76bbe6ee2efe6de5e6684763f3da69a6b946 2cdbefb2becae90abae5dbffef3a5df2b783c13a52ff9abb408f7e5440c2285d936bca1aa99cce6fb4dd2350d46efa4b
SERVER_HANDSHAKE_TRAFFIC_SECRET bb01ab13d314295678f5e610738136bf148fffcc8e3f197c3c33e44b96119ae2 07da507c5428ff3fa1cc3803b13bb30592a402673df2ad3af3b148383228f3766f126767e4ca378530a9b6fad6ace7da
EXPORTER_SECRET bb01ab13d314295678f5e610738136bf148fffcc8e3f197c3c33e44b96119ae2 0f75f3d0fb00b77404ce1bc886a6263632489ec0c5bc6039124ed6194e35af13c4135a405c97d47cb058c3c3eaa4e60a
SERVER_TRAFFIC_SECRET_0 bb01ab13d314295678f5e610738136bf148fffcc8e3f197c3c33e44b96119ae2 f9552113ad9f491e16988398913669c555417cc1e0d3718c9f68465210610d02396212ca4dc483696a011b4c5e3893aa
CLIENT_HANDSHAKE_TRAFFIC_SECRET bb01ab13d314295678f5e610738136bf148fffcc8e3f197c3c33e44b96119ae2 cf4767a8739f29971d0d8cf724d8771656fbccffd150e9098bc380dcb30947933b29c2abd620ef4b14b559267bae59ef
CLIENT_TRAFFIC_SECRET_0 bb01ab13d314295678f5e610738136bf148fffcc8e3f197c3c33e44b96119ae2 c409d00f510f3f3f1c0b6b6a523dfac113776ba31657c57492d8f5082c3f4fc7a9e22ab7d819bff6527cb10f18e00eaf
SERVER_HANDSHAKE_TRAFFIC_SECRET c6015d1bff9b35958b07f53657e89c37724bf4085e509db744d3416b920ce9aa c6bd1826e980d6415247ab10f439cadaab23af8986f6786b931fa3b9fe20e7f31546fc5663573dad806c4e109ea22344
EXPORTER_SECRET c6015d1bff9b35958b07f53657e89c37724bf4085e509db744d3416b920ce9aa 053d80fa80611adeadc8b907b6610043fbda056ede3cd74fd7452cdcf86782e844b62e8ab41c5f1c979ab7677c5ae618
SERVER_TRAFFIC_SECRET_0 c6015d1bff9b35958b07f53657e89c37724bf4085e509db744d3416b920ce9aa 7fbfffb484a4f61f95f8a90bc741ad086cdff80b31d851a1903974455426efe0b4e518e371a7bbc3c793f2a73b6da5c0
CLIENT_HANDSHAKE_TRAFFIC_SECRET c6015d1bff9b35958b07f53657e89c37724bf4085e509db744d3416b920ce9aa 30dbf60b84ac105f91a4540601006420b285819b66650b50d9d8ed9c81372e9a2f0d0ed980388d480d539b19978f690a
CLIENT_TRAFFIC_SECRET_0 c6015d1bff9b35958b07f53657e89c37724bf4085e509db744d3416b920ce9aa 2e63986e737c3f3cefd5874138c0c61d8e62011f0d3d2ca99474cdd21d092b7bdcc0387036ffa46b6a7f9433e073adca
SERVER_HANDSHAKE_TRAFFIC_SECRET c56c0de1a02107fa29fc36b972f11e04909305fe745f8d36bcbe159d396e8ed0 dd5e7412fa099967e41d6b2fdc2d508efd71fec341da14f50586a750bf48d646adfd5a8f4ca46ae9c069465f96043e02
EXPORTER_SECRET c56c0de1a02107fa29fc36b972f11e04909305fe745f8d36bcbe159d396e8ed0 f54fad49bd6fd3260d3bf877750bf49ef3a3752eaea41fa3ff2cd6b8389395ac691bdaca732e85726dee70b08737ac86
SERVER_TRAFFIC_SECRET_0 c56c0de1a02107fa29fc36b972f11e04909305fe745f8d36bcbe159d396e8ed0 5644923940208d55daa146ad0cccf1f55f1feca2fcefcd73f7b383716fb2abf8f7f2f00098f6678e34e4307e076af656
CLIENT_HANDSHAKE_TRAFFIC_SECRET c56c0de1a02107fa29fc36b972f11e04909305fe745f8d36bcbe159d396e8ed0 50ad8905863aaa036662655ea922d0a27eaf2d170cb4c09ffd23f812ad9123e4780666fbf8a484523a6fcce0a62c049d
CLIENT_TRAFFIC_SECRET_0 c56c0de1a02107fa29fc36b972f11e04909305fe745f8d36bcbe159d396e8ed0 378d95270b70e8303870e4f832c1f89bd17fcce74f2174cbf736b0423f8d5412442f4464bea214f28c85383115f771ab
SERVER_HANDSHAKE_TRAFFIC_SECRET c23b85af9ef2afe4e20424305223a80a5e7383362f77f49087ace945de9bda1d c7cc4194b329dbaa02dc61f337448f41d3f2f2f74dcb4fb1d1dff451ce4bd1ddecaba12f47a4241325eb7e748241d1f2
EXPORTER_SECRET c23b85af9ef2afe4e20424305223a80a5e7383362f77f49087ace945de9bda1d fcebcf7056f4a4162a258d3a0acafeb88d91b4cf3102a705b4a0c06cfd25c2f4b10c0efdc80cdf2de628831ed700caf5
SERVER_TRAFFIC_SECRET_0 c23b85af9ef2afe4e20424305223a80a5e7383362f77f49087ace945de9bda1d bc6e0be11ca3707c9e0d4995b7d0d68cf5e8fdcd6f54352833e71045bde23661e38411b99f5e12314f10ec84b50016b8
CLIENT_HANDSHAKE_TRAFFIC_SECRET c23b85af9ef2afe4e20424305223a80a5e7383362f77f49087ace945de9bda1d ac0360424dc91954d71fc6ac2d9c71b335b5040240dc6a732068bf0cba8430710754b821b2aae7040105794fd1b40409
CLIENT_TRAFFIC_SECRET_0 c23b85af9ef2afe4e20424305223a80a5e7383362f77f49087ace945de9bda1d 87377e80b881596dac8528cc12284eeb531155aba9111ab5d06afaa16b5deb9333a0a266495f59b6bec0ce64a7d91406
SERVER_HANDSHAKE_TRAFFIC_SECRET f685046b93a071f867f4089fa4065d9f7970b1cd0d4fba2f48deedf71a0ce680 31e77e04aa48b1dbb22d1850740082d576b03dbaa4e03147efa397f5b386a1fa9e1b3c86d67a04569cae1993b9d39b14
EXPORTER_SECRET f685046b93a071f867f4089fa4065d9f7970b1cd0d4fba2f48deedf71a0ce680 f4aba1edd5de98c6750e91ba761d28837884dc0fe70b1254ffc4367fa68ca25fdd8d310323d971cbf512ba091eac76be
SERVER_TRAFFIC_SECRET_0 f685046b93a071f867f4089fa4065d9f7970b1cd0d4fba2f48deedf71a0ce680 65a13b510cb9a23690f36738221e0de5bff706d6c58ffff234ffcf158e794c4899b523d70c8172f25ea373be77984a16
CLIENT_HANDSHAKE_TRAFFIC_SECRET f685046b93a071f867f4089fa4065d9f7970b1cd0d4fba2f48deedf71a0ce680 17b79a63f824ff531c3b8eafb7ac25e8b4fb1e6789e5e8a34e4abfd5da7948e955372686562d6a4e88c5f7be274f04a7
CLIENT_TRAFFIC_SECRET_0 f685046b93a071f867f4089fa4065d9f7970b1cd0d4fba2f48deedf71a0ce680 105565a2d0da4eaddcffce133a064538fd69d2aa1eb026e05f66f377aad3f60d89b1319c86c0819181b15fbdabaa2c0b
SERVER_HANDSHAKE_TRAFFIC_SECRET aad1773a87b1a17c8c0f70cbfcf202daf7827c9327a6ae458801f0812a0cebef cb4966e7d3030b1bb4d572e340a24cd554425c06e7f134ba852877f4e22f8131ac5afb86444ce0bfb303f901fa24bb2e
EXPORTER_SECRET aad1773a87b1a17c8c0f70cbfcf202daf7827c9327a6ae458801f0812a0cebef 80b32c1ddcc86ca781aade6f50993310fda2bd950c0a17376ff723cf698800b575a2e0d7b79efd9bbced98b89c96428c
SERVER_TRAFFIC_SECRET_0 aad1773a87b1a17c8c0f70cbfcf202daf7827c9327a6ae458801f0812a0cebef 16699ef2739a77b19d8662ed2cd07b16d6981860a8ab805b84fcbb7f7e1a1a7b6e1415b60e75f5861ef4e711370d5cb9
CLIENT_HANDSHAKE_TRAFFIC_SECRET aad1773a87b1a17c8c0f70cbfcf202daf7827c9327a6ae458801f0812a0cebef d837b0a760cee80acf96b721d6a483e433f313b0f06542910daad36eb1cffa23a3524cfc0363a8ddd8a464eae05ba56c
CLIENT_TRAFFIC_SECRET_0 aad1773a87b1a17c8c0f70cbfcf202daf7827c9327a6ae458801f0812a0cebef 6f8ef52207f27cd1bf7b2359134eeb56cd336b315b6d32fa1d2538f2ac03f32972e9582f5c70064fabcfa0376db0bf71
SERVER_HANDSHAKE_TRAFFIC_SECRET 9df5067cb1abed33b3358f2fdcb77c23eded88c26a7846d8b1a7f45df3267bf5 7f0863b751ec4ff860bd762bc43b14aff0d250b2c9725071ab40efaa5e78b2348b866d0a1bfe7aeb4abf848a9cd5fe90
EXPORTER_SECRET 9df5067cb1abed33b3358f2fdcb77c23eded88c26a7846d8b1a7f45df3267bf5 8eff52be0f19ba8a66a4e4d13d8672788b4be0968c11f4e1c2df50cf0af0a4b5455387345af3c5e0c7dcf839933dad95
SERVER_TRAFFIC_SECRET_0 9df5067cb1abed33b3358f2fdcb77c23eded88c26a7846d8b1a7f45df3267bf5 6c58416ef1a404a434b8e76c8387a59c52325e89169bba5611b5ea41550735b7694c94f6f6eb971ac5d5b9bab4bea57c
CLIENT_HANDSHAKE_TRAFFIC_SECRET 9df5067cb1abed33b3358f2fdcb77c23eded88c26a7846d8b1a7f45df3267bf5 e2bbd06fd2c8de05fa35905e1af668acc4882ec72254d4b7ac4a8481250480a708d72b795d613f23ab5f9c453cf2aceb
CLIENT_TRAFFIC_SECRET_0 9df5067cb1abed33b3358f2fdcb77c23eded88c26a7846d8b1a7f45df3267bf5 8e2f505bb5aa1f886432e752540619d5661cb299b7ff7046203e48c446371574cb844cc7ecb3ee7c303b690b27cd8714
SERVER_HANDSHAKE_TRAFFIC_SECRET 326b0f9e880c3968389b1b3755a4cad75e9167c0321e249f674c43a52a876189 1ab8004df6298b1e56604d84b46a71f56b4a3d70568b95ca352893c66e85e29fdfa148079b499cc83da82f26d3c16a4e
EXPORTER_SECRET 326b0f9e880c3968389b1b3755a4cad75e9167c0321e249f674c43a52a876189 4113d64e9b835c0203724509095658e422aa003fcd8579189b657f49dfbb54a051222ef84179390658c41d476fc580f2
SERVER_TRAFFIC_SECRET_0 326b0f9e880c3968389b1b3755a4cad75e9167c0321e249f674c43a52a876189 69da2f26aa64e629ef17f88482e8fda597c061a7fa09ac35db12f091603205d32a3e5c99b0d7993fd712d345ae72c258
CLIENT_HANDSHAKE_TRAFFIC_SECRET 326b0f9e880c3968389b1b3755a4cad75e9167c0321e249f674c43a52a876189 3ed81f966c86e72506066a010ab359bc92c829f28d232fdcf39fef56e332a96598ca4efea6ff1e42b46ea534ad0b34c5
CLIENT_TRAFFIC_SECRET_0 326b0f9e880c3968389b1b3755a4cad75e9167c0321e249f674c43a52a876189 50520a4829a89a5aef283689e1cfe0b8e097481c875c56de18301fe172342497bd6301dbf885840b93a4aee2bac4c54a
SERVER_HANDSHAKE_TRAFFIC_SECRET 701a960710685b864526601aec1b87275d786fcb6b06e8e4599c86860be8bed1 b44e59b6edfb2b1cb72a909b4cf4639554c5b78a9995cb83053209ebd96af903f8bd0a357be6742f6c6c6133a3987796
EXPORTER_SECRET 701a960710685b864526601aec1b87275d786fcb6b06e8e4599c86860be8bed1 d2893451eeefe1060fa9aeff51922fad1c8e487dad20edaec789478ed03a794529ea684d8c87db5ee34852e8f0e80be7
SERVER_TRAFFIC_SECRET_0 701a960710685b864526601aec1b87275d786fcb6b06e8e4599c86860be8bed1 46b31c2eebe3cd827f721d0e67a08394310fefb11ba89369c03a37c9324263d497b1631a35558e2e49b6d5bfc8151118
CLIENT_HANDSHAKE_TRAFFIC_SECRET 701a960710685b864526601aec1b87275d786fcb6b06e8e4599c86860be8bed1 9db7e7456017c8cf82fb6e7b998a2ad32244ca55c27ef257075e7b67e3d5cad38a3fe7a14a161f971be865415dae1468
CLIENT_TRAFFIC_SECRET_0 701a960710685b864526601aec1b87275d786fcb6b06e8e4599c86860be8bed1 89bdad54c38b89ca9362718b89eae15c32a261d72f322e752a390f98a1cb2177d605224b364bb0c51d30fca34eb54e6b
SERVER_HANDSHAKE_TRAFFIC_SECRET e2f909553b30ad498cb3d43b080f1d9ab95b32c86958dcb27f0da8650a65609c 6cff64bb0e8be3b94f9032b4e745f4909ec507367b7d74d8aa1695be14c21a6782ec18d9b0399375174a1146c2118736
EXPORTER_SECRET e2f909553b30ad498cb3d43b080f1d9ab95b32c86958dcb27f0da8650a65609c cf98d8b3a4c83943905291fdb823f91ffab943b95a5b8c5c10a0e361265bf32b49ea8def387379539023092a5fac9da6
SERVER_TRAFFIC_SECRET_0 e2f909553b30ad498cb3d43b080f1d9ab95b32c86958dcb27f0da8650a65609c eb25520df06eac2c637f32fc6a41ecdb0850c8c8b3cad1b72a4c7e9124734414f6eb0059f24db22d7bb8429979090b04
CLIENT_HANDSHAKE_TRAFFIC_SECRET e2f909553b30ad498cb3d43b080f1d9ab95b32c86958dcb27f0da8650a65609c 4c7b12cd1e999049ac8560ca2e405b0ff128cd5c7cae5286fd68294ee21c6a4a4a32b2a4363a3d6351f834f1e7da7c24
CLIENT_TRAFFIC_SECRET_0 e2f909553b30ad498cb3d43b080f1d9ab95b32c86958dcb27f0da8650a65609c 64f0bb1a1fc359ddf5996f4742eee09c96591f6f99c2f3052febab632b05c21bfd9704c4316251edba63ba357125c40f
SERVER_HANDSHAKE_TRAFFIC_SECRET 084993bf99d33dfe461944bbc6b7a0c56322137933583ca53d7673bf9bfdca80 7bdedfa78cf66d72fbe92b6932967da506c26d47913f5f74f210e361252078c1a8c8967ee00ebb8562fc8e0414ef1413
EXPORTER_SECRET 084993bf99d33dfe461944bbc6b7a0c56322137933583ca53d7673bf9bfdca80 6119d5ba5a4914663fa3b357029c1d7c77429727a9cf3b629474765f2423aeb5bb80f2ca177c4f107bc256c62a285d8f
SERVER_TRAFFIC_SECRET_0 084993bf99d33dfe461944bbc6b7a0c56322137933583ca53d7673bf9bfdca80 2c5266370b4300bbd73e27c8a5c1e42ac2cf99268fd28704628090722e5c32c6ce95d87a42a82cd31cb2e45a878692c2
CLIENT_HANDSHAKE_TRAFFIC_SECRET 084993bf99d33dfe461944bbc6b7a0c56322137933583ca53d7673bf9bfdca80 5a377eb411ff536363185b34bbdb4fe6edd15abbd746c7a10946b753c09fd8c4581b21e2888ca847a52a764fcc7b3c28
CLIENT_TRAFFIC_SECRET_0 084993bf99d33dfe461944bbc6b7a0c56322137933583ca53d7673bf9bfdca80 e3612cbd3ca9cafd98ec0165422cff2c84a302249a0ed2e860127d5175b5c33ea6072e059c438eaeda50178ffb1f4a52
SERVER_HANDSHAKE_TRAFFIC_SECRET 862f67df6fb0bbc30d6e88335a10f4831a5f17240b363102d34b711e180152a6 b274bb997c07517bb619477f938544540fed873f1a00e72d5261c863bac8f66ca805006ac12890a9080a1f4f2533c6de
EXPORTER_SECRET 862f67df6fb0bbc30d6e88335a10f4831a5f17240b363102d34b711e180152a6 af466f043b64c00869db6b468527676dd850a3020bda8280b0abc2a094ec05250fe6787026dbdd25761197fee4d6c82a
SERVER_TRAFFIC_SECRET_0 862f67df6fb0bbc30d6e88335a10f4831a5f17240b363102d34b711e180152a6 377eaf464fb2e97ec00dd8069460fc0737d0aaa53ba3b8797c6a72a3edaf04ce03536dc7fd85b42c5d995b7ddb77f3e5
CLIENT_HANDSHAKE_TRAFFIC_SECRET 862f67df6fb0bbc30d6e88335a10f4831a5f17240b363102d34b711e180152a6 e30d3f9427fcc1a1367cd8e78d150565de063f86d344aff4254235a9b1c52c2f69757825be55995667ee89fa83fd5a04
CLIENT_TRAFFIC_SECRET_0 862f67df6fb0bbc30d6e88335a10f4831a5f17240b363102d34b711e180152a6 4d674ce9637ea6bd453b6f678d1db71c48cb43b61410b8723365e4596312cbafd0439092b8bc3f413681d1a665349c45
SERVER_HANDSHAKE_TRAFFIC_SECRET 72daff1754e00c43b61fb32a91c68d8cf934f6a43d1216ec9bd26b7992e7cf31 b977c9c4c0fcf686a62bd5efd18ef7f880e3a6b993a0df064ee194c183f9d8d5e2d214574cf1c2f7e72f923db78fe08b
EXPORTER_SECRET 72daff1754e00c43b61fb32a91c68d8cf934f6a43d1216ec9bd26b7992e7cf31 d79c2de6d11d93ea95b0e144bb8e49d6b5ae4d19ff33e706adc5410db5a83c7668a1aa2f451ca40b55df8a55602ceb46
SERVER_TRAFFIC_SECRET_0 72daff1754e00c43b61fb32a91c68d8cf934f6a43d1216ec9bd26b7992e7cf31 fe561da6f05f5cc3decc9abe67a0fd5ea47737ccca436f00c99cf4ac763c4f4de26a9dc76c859250a085a17750ab7487
CLIENT_HANDSHAKE_TRAFFIC_SECRET 72daff1754e00c43b61fb32a91c68d8cf934f6a43d1216ec9bd26b7992e7cf31 f279e4b044e1f774f33eb6515a7199b41ea00950b16979f6220cc4ab029c33e51e0fda6709a8368d3835632c52fc76a0
CLIENT_TRAFFIC_SECRET_0 72daff1754e00c43b61fb32a91c68d8cf934f6a43d1216ec9bd26b7992e7cf31 cdff2fcd76409b108555e5d854f1af82795b9d64b7ea3641d382f5b6b48dfe6530de331642585a1962b9e625f484c648
SERVER_HANDSHAKE_TRAFFIC_SECRET 4c3609ad067061c41333bde404954685f8cb7bc242f4cbdc609d3dc3cc41aeaa 440b67ddaebfb820352d080b35ea8cf1ef9bd97226a92290bf94ce5862816435f162efc5c39ad429747dae774c794b3f
EXPORTER_SECRET 4c3609ad067061c41333bde404954685f8cb7bc242f4cbdc609d3dc3cc41aeaa d50486ae1fc0b57f780909a2da7ffa58ba4b567abcafa3a2f4bae5f02434894959982cb36bc90cf26613ad1c74354197
SERVER_TRAFFIC_SECRET_0 4c3609ad067061c41333bde404954685f8cb7bc242f4cbdc609d3dc3cc41aeaa a4db12af0381a9d2473e03909f6f711ab56ea65382bcd3f5b1fd35a322f25f6837666374c1d44cd61ba12b8ab29791ef
CLIENT_HANDSHAKE_TRAFFIC_SECRET 4c3609ad067061c41333bde404954685f8cb7bc242f4cbdc609d3dc3cc41aeaa cf26adb3e081b96e5fafb5ce7abb62a0565ec16175c52d8603b35e006e31a007c319f5a46e9a6f1bc48d0cba7f419024
CLIENT_TRAFFIC_SECRET_0 4c3609ad067061c41333bde404954685f8cb7bc242f4cbdc609d3dc3cc41aeaa 5833449f3a4d5a55ad13c109983df335adb1a3bd6e7b062a5fa7d6f09a7369467477a57ea996e01599bf2e52f48e63e3
SERVER_HANDSHAKE_TRAFFIC_SECRET 7f1b1c377e95712659933a53a49f4a7e58489bab2f4b3c3f8a19bef0d6e8df7a aea4b6b2732abcc41f08eb3d7f96075b084f60ba8495e8c851657644721632e9decb599a8c37e4bf928ca05aa208224d
EXPORTER_SECRET 7f1b1c377e95712659933a53a49f4a7e58489bab2f4b3c3f8a19bef0d6e8df7a 2f693ab4beffeff41119d7507aba622b8ab0d7208f8d0f1e5ad1be436768c84a9e3687b7c631da8068267149f0f27e5c
SERVER_TRAFFIC_SECRET_0 7f1b1c377e95712659933a53a49f4a7e58489bab2f4b3c3f8a19bef0d6e8df7a 8a87bf70ca35283b1ff32e58bdba13737ca7c1ea50f889a9931ae12af791b1e594df1748bf563d1f0abfdc21de25f907
CLIENT_HANDSHAKE_TRAFFIC_SECRET 7f1b1c377e95712659933a53a49f4a7e58489bab2f4b3c3f8a19bef0d6e8df7a 187ba53d3bb67a22ef92377f99c944316e844c4dd8048320fa9d4052a44d77def20b14681a78c3b2df8d198dd4535101
CLIENT_TRAFFIC_SECRET_0 7f1b1c377e95712659933a53a49f4a7e58489bab2f4b3c3f8a19bef0d6e8df7a bf79415aef649566113322f3ed286e9b4608b3066a70dfd43792caa19801e5ec4e06c3f7943945edc5b780cbe4b77966
SERVER_HANDSHAKE_TRAFFIC_SECRET 295f1c1f907b0493bbbbb15a693d149aa1321c0ff271c66f89ca47d8a9c42fc8 6dfae75f8250b428dd1011e1ff521020bba13300c93ee6261e5135e038d6f0c213392de8d1253726a99b9f21471629a5
EXPORTER_SECRET 295f1c1f907b0493bbbbb15a693d149aa1321c0ff271c66f89ca47d8a9c42fc8 0b72bbf37f959a6169f252a81177f14cef9d9eb5db3c54c5e5eb505c37cb4dbe7a02a616259e60f3204cde434b03db8f
SERVER_TRAFFIC_SECRET_0 295f1c1f907b0493bbbbb15a693d149aa1321c0ff271c66f89ca47d8a9c42fc8 88816276184d6312c7f7edd54633b2e76ebbd13da218ef8037f6c60d7d5134205eaf627620c89e4cb95d8cb898b1ed85
CLIENT_HANDSHAKE_TRAFFIC_SECRET 295f1c1f907b0493bbbbb15a693d149aa1321c0ff271c66f89ca47d8a9c42fc8 8c7b6dcc8639ae76369df5ecbabf76c91fe4e2fda4cde77f1b1980c56af7494da2d78dd58265290691b53e4ba6699806
CLIENT_TRAFFIC_SECRET_0 295f1c1f907b0493bbbbb15a693d149aa1321c0ff271c66f89ca47d8a9c42fc8 c24e9658451c96739738a5b0c754b036d5b55275a93552803f6fb53d7801ad995f8a07df2dd8d020de5717eb8dddc356
SERVER_HANDSHAKE_TRAFFIC_SECRET d2b54a9f7015c8d3002710b5779021e849c19fe73567f921f9fe78186f0c9d17 a8d9bce9a3427de66fcc09656ea61a28a5a75e1306d85a8a2b6ea9957eed4564453727a4548f906d7fdfea9268054835
EXPORTER_SECRET d2b54a9f7015c8d3002710b5779021e849c19fe73567f921f9fe78186f0c9d17 216ebfd5e0aa2ecbed726a8dfb7effb8ff9b79de1ec50f8ff71f32d69ba9555bfc13268338cf2bd535332af37946b359
SERVER_TRAFFIC_SECRET_0 d2b54a9f7015c8d3002710b5779021e849c19fe73567f921f9fe78186f0c9d17 0f351c9eac6b03e2dee94e1af6513c640817f16e1c2b9deadaad9a56455c363af3eb83bbfa6777469c7ccf22b66a840e
CLIENT_HANDSHAKE_TRAFFIC_SECRET d2b54a9f7015c8d3002710b5779021e849c19fe73567f921f9fe78186f0c9d17 1b49efe49dfad1d5e40213b3aa27e26be2da0e8f6cc20210ec93e20774b571e03da5bf9cb75a3dc0315800b2351e50e5
CLIENT_TRAFFIC_SECRET_0 d2b54a9f7015c8d3002710b5779021e849c19fe73567f921f9fe78186f0c9d17 0a2014dde311dc3f009fe4ec30282e36166cbb578c5436f3ecaa4d412ffa65c5908296d94f9872b180971f4cd5cd2f6a
SERVER_HANDSHAKE_TRAFFIC_SECRET b765455dc2512190cdfa92f25da843be6704a59e983ca8b6c6813071b6046a77 f5ef458313b7b404867262459d48499123e35da5e9587d80de816bff509ce242ca23443a0565e412fdb08bff1e3a9ebb
EXPORTER_SECRET b765455dc2512190cdfa92f25da843be6704a59e983ca8b6c6813071b6046a77 091855aff1acdb8e039d5b5c12164a24bf25b9ac909e602c309118cbabe93e63b74da43179ba340eb064f4de24c78a29
SERVER_TRAFFIC_SECRET_0 b765455dc2512190cdfa92f25da843be6704a59e983ca8b6c6813071b6046a77 ac8c06eaf55d00316133cb7da921f1550531005a75479882c1d1d713f5bfb211d11c7ac5a5637261bdee8069a6d887ec
CLIENT_HANDSHAKE_TRAFFIC_SECRET b765455dc2512190cdfa92f25da843be6704a59e983ca8b6c6813071b6046a77 9a1200ba8b0c40002abe39b6b1ab93dd9f7c302e8ce198b157af26ccf8adcdb1a7f9395334da9ffffb12d1160eb3d33c
CLIENT_TRAFFIC_SECRET_0 b765455dc2512190cdfa92f25da843be6704a59e983ca8b6c6813071b6046a77 e44b9d06f12381c7e39822536049329097b04777048f35a451830ca2deafc9041535057b5b9fe5824af41402ecf91c70
SERVER_HANDSHAKE_TRAFFIC_SECRET 3261829fe5345d9a23b1a7f988806e137ddc6a24288b6e08cc4582e24261a2c8 68e2f4bd8bc2679a984d0c387a3fc411cc93c631ac91698e303ae3c21edf12c3e9f649fdb6d1565114d5be4c7b7cd2cd
EXPORTER_SECRET 3261829fe5345d9a23b1a7f988806e137ddc6a24288b6e08cc4582e24261a2c8 6e89918f7a80f236f46e7e021e3fe69d59cb3db03157a3145199e8d2a8b2cb780c2aef3c4003143bd1400fe83a202031
SERVER_TRAFFIC_SECRET_0 3261829fe5345d9a23b1a7f988806e137ddc6a24288b6e08cc4582e24261a2c8 5fa4be69e1af2f27a46b6f848574b025ef43e277af88476ed10af094577ec30c82e67f3a7ec058db2c146804fa361f47
CLIENT_HANDSHAKE_TRAFFIC_SECRET 3261829fe5345d9a23b1a7f988806e137ddc6a24288b6e08cc4582e24261a2c8 10b5a5ba7b2038d8573da92dd68e86b08cda85aa21a5f491ada4c42931cce05f946d9fbc61c136dfa76049ed1882b1ae
CLIENT_TRAFFIC_SECRET_0 3261829fe5345d9a23b1a7f988806e137ddc6a24288b6e08cc4582e24261a2c8 82c5917dc0035175e19bae180724ef42712fe1f085ee62ddd17f771b4c49090d8e87cd851f5190a251e9ba9679cd0faa
SERVER_HANDSHAKE_TRAFFIC_SECRET 2107b06500efd2612dcc513ab93fa27371655fb9475e7966bf8f165eee81f1e2 b914a026ba5b61a3edeef60bc5f348d7d4d5d18faf643d8620baf0aaeb04973d93537da109de13da4547589e6b8bc941
EXPORTER_SECRET 2107b06500efd2612dcc513ab93fa27371655fb9475e7966bf8f165eee81f1e2 5efada9404dfec08f5bade37057ceb89bd0299dc4e89ceeda9849b4b172915cf0bcf6b56235ea0883193f5eccd612c40
SERVER_TRAFFIC_SECRET_0 2107b06500efd2612dcc513ab93fa27371655fb9475e7966bf8f165eee81f1e2 4e7d2034c1f6603d91c816dfbf43bcbc815bcc9f3674755f1a947d56c6d29130e0dcf736e7b3bd3e2a79a63ee58d5f3b
CLIENT_HANDSHAKE_TRAFFIC_SECRET 2107b06500efd2612dcc513ab93fa27371655fb9475e7966bf8f165eee81f1e2 37a8fc20d10528784b105e02831f0d304c14aa2407557cadb549e6cad377b8af8bf6545a4f7ee633c208953f2db75993
CLIENT_TRAFFIC_SECRET_0 2107b06500efd2612dcc513ab93fa27371655fb9475e7966bf8f165eee81f1e2 4e4944aed25955359b4e7bc5d8cad8cf23246795134dd68b93046cdc0e74752464eac2fcca2a5ef15fcbf03af8e4168d
SERVER_HANDSHAKE_TRAFFIC_SECRET 87b4d3e643ea003795f0ef533f18fd742d917c3c2e460c17911d1a71a7ad007f e94245a8fe41021e41b19a367d729f88ae959261483ace1c76856af6485055bd43b693233fb5f755fa231af0703c7f48
EXPORTER_SECRET 87b4d3e643ea003795f0ef533f18fd742d917c3c2e460c17911d1a71a7ad007f 9170e22f9641b4f8d9f666e6484515afbb987a9dd64aa0e662d1c127f4666360f5d44f5e1bc34d07ecfb44a664204ba2
SERVER_TRAFFIC_SECRET_0 87b4d3e643ea003795f0ef533f18fd742d917c3c2e460c17911d1a71a7ad007f 98af0496c9135b1296baa16c8ebd1c37cdc02b9ea8547bb47aaea324c5d80d4f5b3bcd73bdba9120439c64296c3e6e51
CLIENT_HANDSHAKE_TRAFFIC_SECRET 87b4d3e643ea003795f0ef533f18fd742d917c3c2e460c17911d1a71a7ad007f 58b73dde15a490c52c185db8b47de874293c4ce60424f78577106f1dfce1a0f1ff204b216381e5c90f689ad4e042d7d5
CLIENT_TRAFFIC_SECRET_0 87b4d3e643ea003795f0ef533f18fd742d917c3c2e460c17911d1a71a7ad007f c4c4c401683d94e77499aea0f214b05713ef9b3b9cb6f64513b9d427dcafd84f7e831737633fb4c8a58830d0cb7d2908
SERVER_HANDSHAKE_TRAFFIC_SECRET fc4ccbc44d4651ba2994ca76ec63e9808ae5a9dbb3698cb49c098224adbc5f01 60480f4db29cca1cddb5509734d4d70a577be4c57fe44fd1cbd2f60472197ed47c60c96198fbaab484cc24558609992b
EXPORTER_SECRET fc4ccbc44d4651ba2994ca76ec63e9808ae5a9dbb3698cb49c098224adbc5f01 4047e00079c55e9b3d27c54d278292909a6c3b89386f1e4ed8ee2a56b9bbc9d4911dd88900127677594b7ae31df643ef
SERVER_TRAFFIC_SECRET_0 fc4ccbc44d4651ba2994ca76ec63e9808ae5a9dbb3698cb49c098224adbc5f01 fe75a7771d4ab3e109dbd943dc3815293b123dec9a47ba77c5dd10ba0dbdfedb97f77f4f7408fe9d49bd877e6c16ec17
CLIENT_HANDSHAKE_TRAFFIC_SECRET fc4ccbc44d4651ba2994ca76ec63e9808ae5a9dbb3698cb49c098224adbc5f01 8d69ee105c1103c43cd76e3aea083a0e1f45d5e4ad67e2e6155d9b21aa8bbbdb12e04e7c8a611df8fb3f32dfc70f45e1
CLIENT_TRAFFIC_SECRET_0 fc4ccbc44d4651ba2994ca76ec63e9808ae5a9dbb3698cb49c098224adbc5f01 583a749d307afebeedd719d264d9c63e14bf1f40732e3008d4122b2ff52ff9306a2792041d23b45b2ff7dddb0879d067
SERVER_HANDSHAKE_TRAFFIC_SECRET 89ab66e1c2f251ce9f05e9763601f0d20fdc4a09b992209d483cc908fa8e5533 6bdeb517c9939d68c0e76045f4a6fe00fd0bbf485fb43343ebacd916899785bb8622de970731f9e42ff1bd345990f047
EXPORTER_SECRET 89ab66e1c2f251ce9f05e9763601f0d20fdc4a09b992209d483cc908fa8e5533 3070c54fae0705dd13bcf3fccfaa523c6456d6d262033cb69fd4c43e40a6e150ca9158c516a77b46756e9407bc36c497
SERVER_TRAFFIC_SECRET_0 89ab66e1c2f251ce9f05e9763601f0d20fdc4a09b992209d483cc908fa8e5533 63bb418edfcbddb2b9385f2e79b669c1286a55e32113f30d40a06d93ac97fbc5c9481695bfb8f058b0406570a2d7c36b
CLIENT_HANDSHAKE_TRAFFIC_SECRET 89ab66e1c2f251ce9f05e9763601f0d20fdc4a09b992209d483cc908fa8e5533 8b14ae48d85ea3d21ff9fe3654f5f069d73234e230f96b04f7f0d7290ca793e3832400087c73566a066f1ed37c21a0d7
CLIENT_TRAFFIC_SECRET_0 89ab66e1c2f251ce9f05e9763601f0d20fdc4a09b992209d483cc908fa8e5533 44d2876832cfb6e5b3f551e85f7a33f0632c8cdccd98f09d25fc08f79eeca723f7e4c5baddd3534454fee743f2c842e3
SERVER_HANDSHAKE_TRAFFIC_SECRET 2a8cf89d1afc88115a2f42b5acffec343da6f91c31ea45df90a4150930fb30a5 80d044a5c94a71b140a900263e771cf06dc1186e5ae403f8b3666976316117d4be51dff7ac4a2586371b43f4de7f377e
EXPORTER_SECRET 2a8cf89d1afc88115a2f42b5acffec343da6f91c31ea45df90a4150930fb30a5 bfc41054d16e5edb16789c2c3a0934716c33682a064a33c111c0b9ff3a3f77e44bb047e493caee525514dd15e8fe62a8
SERVER_TRAFFIC_SECRET_0 2a8cf89d1afc88115a2f42b5acffec343da6f91c31ea45df90a4150930fb30a5 73c6c1258ed6b0207601f681095ffc42bdb9e0476a1f0f2225d40dbcc7bb44cf0106baa849ea5d0e3430df8d6eb42e85
CLIENT_HANDSHAKE_TRAFFIC_SECRET 2a8cf89d1afc88115a2f42b5acffec343da6f91c31ea45df90a4150930fb30a5 108792712a2ac9927f1ef03aad18ddc5fcfcc09cd645183b6a452578c6cb8a043329271128c78bdbc5255010fe90eed4
CLIENT_TRAFFIC_SECRET_0 2a8cf89d1afc88115a2f42b5acffec343da6f91c31ea45df90a4150930fb30a5 934f03db878ad9274cc076889407ab2c613222689cbdaec9904221f0fcad351f83410566f125d48eafece81caeca7349
SERVER_HANDSHAKE_TRAFFIC_SECRET f3dd94f39858ba6a724882d0f8cc6976a97026f0085fa68491912cf13ff9df1c 7141e43334937957b7b7502e44e8b6707f531e112ffe7318af545cfee68f4384c49d233b71d6a551af86a10b55d6cf8f
EXPORTER_SECRET f3dd94f39858ba6a724882d0f8cc6976a97026f0085fa68491912cf13ff9df1c a6f2a186eb517198145d2e6f0c7e7aaa47045c2db5b95c99f93e876ea18cf877629137e17a2e856e51ac43ec5deef376
SERVER_TRAFFIC_SECRET_0 f3dd94f39858ba6a724882d0f8cc6976a97026f0085fa68491912cf13ff9df1c 4ae1b76db3522ca8f2342eea7ca3b450d01ebe86e4ceea829e9fedc06104e27a5e6155e6c510a122a00651f439a0d6c5
CLIENT_HANDSHAKE_TRAFFIC_SECRET f3dd94f39858ba6a724882d0f8cc6976a97026f0085fa68491912cf13ff9df1c afc88e3522d96cafdd6e167e2cd1e8cfa2292ad27f3bcfd435118fa6e7d7af2b05b7dc679cd2ba2077066c4ebb33e866
CLIENT_TRAFFIC_SECRET_0 f3dd94f39858ba6a724882d0f8cc6976a97026f0085fa68491912cf13ff9df1c 1e327ee3607d86ea6af618d168e69785f3399fb21f914e4e2bf9dc9b61a8e447384038b60916fabe3802f431e12b3739
SERVER_HANDSHAKE_TRAFFIC_SECRET f7d0c149113777dc8ead6c988caf4274f48dda339835f807efc5d613e3abf478 9a089a546788afc5f3a3f1b5e37354e9f0c33ec91133330b72871d2ee15f5fc33d3eba5bb54aee5e231d545a4c3f0e64
EXPORTER_SECRET f7d0c149113777dc8ead6c988caf4274f48dda339835f807efc5d613e3abf478 a6f80759f8f5019ce61c6ad611c7bb7d9033c12cbeea660f4af059acc4880ffa5a66c0d25c4f396bb9a2649285a67e02
SERVER_TRAFFIC_SECRET_0 f7d0c149113777dc8ead6c988caf4274f48dda339835f807efc5d613e3abf478 00ac7c29b47b2fb8274530dbad9df76243d0b7f002e453f758acd11909604696621cf105d1030cbb718016d343c3766d
CLIENT_HANDSHAKE_TRAFFIC_SECRET f7d0c149113777dc8ead6c988caf4274f48dda339835f807efc5d613e3abf478 4db1324b1155afa68f4eb693846c4270ad27d1a29981fb00733218026c5eec7f7086094af0316462ca6819dc2a6add3c
CLIENT_TRAFFIC_SECRET_0 f7d0c149113777dc8ead6c988caf4274f48dda339835f807efc5d613e3abf478 be07f1bb8d41327b08b40858280d7d1b6445d2528f9c86b7524a77a22da458732512f3afe3c2400f6148d03c44ed4341
SERVER_HANDSHAKE_TRAFFIC_SECRET 5b0a950cbb2462cda91f51e943dfe0673503b1993573f81c6a30fc4bee3438fb 133b7ad70839cf5fa542c81184802f0a200294ccfd2c65152ca50aaa4080c5e4d77f7d760062539d52cad7c8499d0daa
EXPORTER_SECRET 5b0a950cbb2462cda91f51e943dfe0673503b1993573f81c6a30fc4bee3438fb 4d20d10397af94ce5c09aab75f57bfe8959c2e0de889e0960716d6d06303226a34c72ded31949bae51c76c0056abe4ad
SERVER_TRAFFIC_SECRET_0 5b0a950cbb2462cda91f51e943dfe0673503b1993573f81c6a30fc4bee3438fb 7e9a4c434a796bd4f91ba3fca15d5714f8c8431a6253b399e6953c3f82a42c952cc4f54c9352ab974a77491d1b0cd436
CLIENT_HANDSHAKE_TRAFFIC_SECRET 5b0a950cbb2462cda91f51e943dfe0673503b1993573f81c6a30fc4bee3438fb 3bdba3fa9edebd3b2441372004fd133642ba308fee2c677e30516489d11e04642bf2a98ff4fa03b66a7d4aaaf6af2f12
CLIENT_TRAFFIC_SECRET_0 5b0a950cbb2462cda91f51e943dfe0673503b1993573f81c6a30fc4bee3438fb 78a9d6e69b83d8642a064e408528b0615d355ca4ad311b91ca5ff381c6436e89cbcf5f09d48e6f04f08ec4029cc1cfb4
SERVER_HANDSHAKE_TRAFFIC_SECRET 18d37224c35bbc2b41bd34f7e0fc7f437dd6418369eeb3becff5f7e5ef797a0a 6f4e255703a8d0047c47e7565262fa4f09676cac9f4ceac25955a82380b782c5e48af1ff0d0e2bcde46d3ac26460998a
EXPORTER_SECRET 18d37224c35bbc2b41bd34f7e0fc7f437dd6418369eeb3becff5f7e5ef797a0a 815d872f9ecd4eea458cc119a8a2f04a7299ed07bcd2eee66c197381b7692532a25dc8befadaefbf161b30920b2840e1
SERVER_TRAFFIC_SECRET_0 18d37224c35bbc2b41bd34f7e0fc7f437dd6418369eeb3becff5f7e5ef797a0a dc0a70bacf42c69f6d2ca40386126befb41c2a6b701fc37c06c4f0b2552bc994cb68b446bc6ac7de31d2c22f0fb150b5
CLIENT_HANDSHAKE_TRAFFIC_SECRET 18d37224c35bbc2b41bd34f7e0fc7f437dd6418369eeb3becff5f7e5ef797a0a ced0ed40bcbb3352ca68d9a2c169e3061fc565a7efd82353b70fc91818de7001ad7e0e9bb3f5a792edc161a329ccdff8
CLIENT_TRAFFIC_SECRET_0 18d37224c35bbc2b41bd34f7e0fc7f437dd6418369eeb3becff5f7e5ef797a0a 9c61dbec5e3c1e6603efa92f5cafc7537f3a6739662b424455013479c95c17cfe7bac82198b06c9477a4d5e639347e2f
SERVER_HANDSHAKE_TRAFFIC_SECRET d20cb953690ec25fce8964c65162e51c658bd17da9c84021faba157895a5a1ba af36a28c150c50e0c5089ed9e1b921a1fdd1d096d9d7c4965c24a710954a10a21a9bbd4e4644e96089e8460163c2cc37
EXPORTER_SECRET d20cb953690ec25fce8964c65162e51c658bd17da9c84021faba157895a5a1ba a69c82342c06376f07c7414e295770bc368f7e3794c24eaf85d87dabb578a111a67fc16102d38cb12fac11cd09a63ad0
SERVER_TRAFFIC_SECRET_0 d20cb953690ec25fce8964c65162e51c658bd17da9c84021faba157895a5a1ba bc4fb1547dff89b333ecd3504e9aeeaffc4e05aa67a3abbd6b60dbbccea74e6594184b85e681a67d339c2642be4e6058
CLIENT_HANDSHAKE_TRAFFIC_SECRET d20cb953690ec25fce8964c65162e51c658bd17da9c84021faba157895a5a1ba a1c0ae84286eb63660c701bf55295789b5a8f87402831837c66cc268348be4b2ecb54343fe375f834a418c30a109e37e
CLIENT_TRAFFIC_SECRET_0 d20cb953690ec25fce8964c65162e51c658bd17da9c84021faba157895a5a1ba c2c28af0b731b252035ef2eb3f2d66ef639a2859a743bc4738f8fcb27b371c55476e0e122a6b55fd99b70241ec3aa1de
SERVER_HANDSHAKE_TRAFFIC_SECRET a65b6c6bb58abd80ab3afc106e2ea08a0fab73f9064d2daec8a89a273d8bacd5 76249431914ab4d7fa1ea5a84cc037fcb0289096220f4d0baf1f1e9af14bd1778b7e2b43b54575d5432edce88d4f506a
EXPORTER_SECRET a65b6c6bb58abd80ab3afc106e2ea08a0fab73f9064d2daec8a89a273d8bacd5 56f3b9a41cf67bef2dcef4fe4df4a8c62754d4033821969b113fc4431d1260116b182a31389adfb3ae001dd786f49dd0
SERVER_TRAFFIC_SECRET_0 a65b6c6bb58abd80ab3afc106e2ea08a0fab73f9064d2daec8a89a273d8bacd5 b18a957da7e5fdbe5f4684eade45bd38d756b19a3042bf8901f08ff027b97bb94fd9d5841e18110df76763b1d9e62b9d
CLIENT_HANDSHAKE_TRAFFIC_SECRET a65b6c6bb58abd80ab3afc106e2ea08a0fab73f9064d2daec8a89a273d8bacd5 c79a8580c1ce1cb0057861b3d30b07956cd1faede3ce96fd7bf5a6bbc345d1d0b7e4cd928717a80f694b60ff97f07c69
CLIENT_TRAFFIC_SECRET_0 a65b6c6bb58abd80ab3afc106e2ea08a0fab73f9064d2daec8a89a273d8bacd5 bab7bdbafd16b06e881ccf761275311634b537aefaa61c8a9211d1712b2a21ff239d25155017710a9e732997b7b0c3de
SERVER_HANDSHAKE_TRAFFIC_SECRET 6c0588fc629b5c3bfc63709f3ac24a56ac5f5d2735c414975eef9d41c83dbc3e 2a6a82469a56a0f6cce93643bbc87ded4f7e0b13e0470dfea676510c3a384ccce8d86111a6cbf6c0387c570ba2fe9606
EXPORTER_SECRET 6c0588fc629b5c3bfc63709f3ac24a56ac5f5d2735c414975eef9d41c83dbc3e 52cf63c46f28b4e78e5627dcaed641915c369ed19a2340b242a59ba6f6176b6dfcf0146ddbaa7a8e166289cba0d78a96
SERVER_TRAFFIC_SECRET_0 6c0588fc629b5c3bfc63709f3ac24a56ac5f5d2735c414975eef9d41c83dbc3e 90db68d687feee8be28789b3f7033d50162e7e0c2514013e3f60aeb60fce01fc3d6223ce864b7a9c200943e7a52ba582
CLIENT_HANDSHAKE_TRAFFIC_SECRET 6c0588fc629b5c3bfc63709f3ac24a56ac5f5d2735c414975eef9d41c83dbc3e 32e60b2339824cceb69cdd6d0cd779b9dc848edbcad5d1dce3d40728e5cdd5bb4817e6f6a84573c3f8f6c9bc9c4a009a
CLIENT_TRAFFIC_SECRET_0 6c0588fc629b5c3bfc63709f3ac24a56ac5f5d2735c414975eef9d41c83dbc3e f6892dea72a13ce65e255455c7e77f6b5a87235e7d5a782f7fca99852bb75c2071c1f098459cfcbd3fc2b0a35ceed42d
SERVER_HANDSHAKE_TRAFFIC_SECRET 8059f491956fa8c376dce36c518260431e3c15e27aa928d1d194cc99b4cf2d60 367a564a820f5d88925bf78a73062822a02944dc59e5febfadc7d777290215869723dbb104b9aa953149dddde017dc11
EXPORTER_SECRET 8059f491956fa8c376dce36c518260431e3c15e27aa928d1d194cc99b4cf2d60 4f96b72d5c255ec70467196ff3487e4e4d199815d67f2ea3c9e08a594535ed0a679f19ecb80161ca5bf771b0d53c70f0
SERVER_TRAFFIC_SECRET_0 8059f491956fa8c376dce36c518260431e3c15e27aa928d1d194cc99b4cf2d60 84da5c284e466dcd40cd13d7e4926d366ea4076481d14ba1f3b55d36a8077b406216cd127e155583b3963687dc10a36a
CLIENT_HANDSHAKE_TRAFFIC_SECRET 8059f491956fa8c376dce36c518260431e3c15e27aa928d1d194cc99b4cf2d60 538ad604bba63ef75bda47b2f1606b24f38c2d23268a4615591be51503652a59f3ad9edff58fefe5429eb110067fd805
CLIENT_TRAFFIC_SECRET_0 8059f491956fa8c376dce36c518260431e3c15e27aa928d1d194cc99b4cf2d60 faacd99210033fb9f22ba0f4d64585b4c8a35bc84b0adf16df90b49a88f1b2e52268a5a76355355b94ca974e9f48fd65
SERVER_HANDSHAKE_TRAFFIC_SECRET 0d50c2cd9353ffbf1fc50e57299524415de49ad44eb5ccc831aa9657f64774c5 122fe899ee984c92fa50c8f2f2c2ba773fc0b648b9c9818372d09b5648af64a588e7cf372085fe32f543149bfd93c16a
EXPORTER_SECRET 0d50c2cd9353ffbf1fc50e57299524415de49ad44eb5ccc831aa9657f64774c5 0bad76e26ad387bc1f8133ad99021919cab8a6409922d888ca5d9655ace0d36caeada460a6c6f7f51199cec01c79c798
SERVER_TRAFFIC_SECRET_0 0d50c2cd9353ffbf1fc50e57299524415de49ad44eb5ccc831aa9657f64774c5 31a54be0ac17247d7e3957c255b9b5759fd93da72e0f3446d553acd48a7be402d76ef42c349923242ad478f04d506852
CLIENT_HANDSHAKE_TRAFFIC_SECRET 0d50c2cd9353ffbf1fc50e57299524415de49ad44eb5ccc831aa9657f64774c5 de2402ce64d1a27d03e7022ab73ba37a0442472af3bb9de6fc0a8856c4bbe18f735f341ad237acf1e2d14e676ed2cc4c
CLIENT_TRAFFIC_SECRET_0 0d50c2cd9353ffbf1fc50e57299524415de49ad44eb5ccc831aa9657f64774c5 3d10461cd6220cb16ea2134b635af2e77ad0b2fb5ec2080cda2e3e5fb6743fa732d1b7cb57feffc4ee3090ea74b38afe
SERVER_HANDSHAKE_TRAFFIC_SECRET d242df7b5d2086f84073ddd0f4b4efbc373cffb0a9ca39b9520e3597377d3a3e defd0a30b919f7b22a7da46a46116305c2ed38fa752f43df1f06aff525c67d66c9aae4d9a37df9d522afb1e51c8f9274
EXPORTER_SECRET d242df7b5d2086f84073ddd0f4b4efbc373cffb0a9ca39b9520e3597377d3a3e e2a8ad017c90b7facbb03c06924f197a7756186617dd267db5e0924fd12c8338f5222c0d4cdee5685837dc5e4b398d50
SERVER_TRAFFIC_SECRET_0 d242df7b5d2086f84073ddd0f4b4efbc373cffb0a9ca39b9520e3597377d3a3e 7a65f0d4a30f5845219dd9797ec497e499e8c4b5b1061e2568ac6b0a9b52fcc7c57956b7a7313733dc4d64d6ab11c9e8
CLIENT_HANDSHAKE_TRAFFIC_SECRET d242df7b5d2086f84073ddd0f4b4efbc373cffb0a9ca39b9520e3597377d3a3e 1620e7da9768dc692c9edd789a0e722021ba9063cad43d134a2b92b5438ccfb3dc82b8b6ff2c89280c36f99808a53049
CLIENT_TRAFFIC_SECRET_0 d242df7b5d2086f84073ddd0f4b4efbc373cffb0a9ca39b9520e3597377d3a3e 0e080adde249a6e750a1b3ef0036b5be554f276bad79578fb3a8f18d3db39eca34a4c02da0b5707a981b384be278133d
SERVER_HANDSHAKE_TRAFFIC_SECRET c590737aa5f76e63d6005b09865a6f47c1b21f798d696013d3bfed4ea564f91c e6877a3641db718e98f004fe38a8a7bc9caf552765f15f4227c28333e2e7c339d4417917b8b819b3ef29a2023183e543
EXPORTER_SECRET c590737aa5f76e63d6005b09865a6f47c1b21f798d696013d3bfed4ea564f91c 5f7154a4adfea2dadf61da1ebfd60062560072c6ac6ff53df8c206d215a0775406607904e5718cb751d400ff47b1a461
SERVER_TRAFFIC_SECRET_0 c590737aa5f76e63d6005b09865a6f47c1b21f798d696013d3bfed4ea564f91c f7f14c7e62079fe0d8cc491a6d765911509fab701dc4495b407f007a162b3f9850a430b51c850ac5364e4b3be69f0553
CLIENT_HANDSHAKE_TRAFFIC_SECRET c590737aa5f76e63d6005b09865a6f47c1b21f798d696013d3bfed4ea564f91c 6e0d627c83b2cb8d317c96ed3f37f5edf8117bf8c97ca68ea7fb328d5476b56d18533d673e6d41434ae23666063818ba
CLIENT_TRAFFIC_SECRET_0 c590737aa5f76e63d6005b09865a6f47c1b21f798d696013d3bfed4ea564f91c 0af5bf8dd0a7649a0d90f9057e542e9cebce545c7a65ecd75df315e30c22bb17a7ccdcde55b47c6676328e04f2c972d4
SERVER_HANDSHAKE_TRAFFIC_SECRET 230b242fbf2b0eee91d7128b0642b8a5c647fcd2a8d225743563dc648b206b19 ec9e3963f4fdb323c5305d68eb928d49802e863b25c9d8cd58857957d87fdd0a494674de2468770fc593abada6452b85
EXPORTER_SECRET 230b242fbf2b0eee91d7128b0642b8a5c647fcd2a8d225743563dc648b206b19 cb176a991afe0cd98a6fc1d6efc8cc3f1a5bdd2f4178ce92657cad0209cf626e512c92130c60e86bd62c514c2197531d
SERVER_TRAFFIC_SECRET_0 230b242fbf2b0eee91d7128b0642b8a5c647fcd2a8d225743563dc648b206b19 b76d6c4dea376f24a65911bfe597a13babd7c4e15b866f71d7e87523622c01e9fc4a8a6ebed0c03a4a76d51c6181b7bc
CLIENT_HANDSHAKE_TRAFFIC_SECRET 230b242fbf2b0eee91d7128b0642b8a5c647fcd2a8d225743563dc648b206b19 6c03994ceb89e095c4812c6455697d61cf1e22acfb70c7bb792cbbbcc4e8f2df0c85d4f5e6bc72c044934e186a4ead11
CLIENT_TRAFFIC_SECRET_0 230b242fbf2b0eee91d7128b0642b8a5c647fcd2a8d225743563dc648b206b19 3d92ac5c1d44684675ca242c3f2b8f978379ef7c2c79a692f85f5fca24a74f3118f0dfb931d18010e8d4f1839d0675b2
SERVER_HANDSHAKE_TRAFFIC_SECRET 197ebff2fb507171b6be4264beaef877af1933814bb33f26407665b6e3061347 4d6fe32d67143f48624988c5f8e036a88a9e5ab0ecbcb6b6858936f291e0980fcfebfc69768970f2dfee886af194188b
EXPORTER_SECRET 197ebff2fb507171b6be4264beaef877af1933814bb33f26407665b6e3061347 2f36f3068a1ccae86f9cb05e2e5a486ea81b09ba72784331079746c44be7d63dfcb47f1d5c526a970b0209c563da98a8
SERVER_TRAFFIC_SECRET_0 197ebff2fb507171b6be4264beaef877af1933814bb33f26407665b6e3061347 9bd0e1e241010bd5c5dfd1aa57249b8f80eb0223c1d47b8ea189760407f303a6be4e7c75416a546ca86b135ceb92f433
CLIENT_HANDSHAKE_TRAFFIC_SECRET 197ebff2fb507171b6be4264beaef877af1933814bb33f26407665b6e3061347 0194406258bd08e697a4e2a410889d01ad786d09dcb374b354d317b8b9aa21363762209ad61bd60ed7ca52ae89946c2d
CLIENT_TRAFFIC_SECRET_0 197ebff2fb507171b6be4264beaef877af1933814bb33f26407665b6e3061347 4bb12ac8d0f8a9ae8ebd82f1b2c8dacb06f1240e2de7de1351ac6c84f42444628fa8216f80d22778dd036a555395ce9d
SERVER_HANDSHAKE_TRAFFIC_SECRET 4319bd24da735349976e2255dad87fe80929059d854159c274c80bd9e1abd7fc 75e08ab4880e4ef50052609697993dcf526e3e95789adc678957bd8c93a47797dbd4e77e1132bf531872b585eb71a566
EXPORTER_SECRET 4319bd24da735349976e2255dad87fe80929059d854159c274c80bd9e1abd7fc d5574360640ce398e747b0715fbb3f95eafa5ea94699ea9a93c9097c16637472116dafa207bd6f136c7e190cc0667d70
SERVER_TRAFFIC_SECRET_0 4319bd24da735349976e2255dad87fe80929059d854159c274c80bd9e1abd7fc 480d1f5ae00f4f904beb2eaca0f3315d00074c685c76dbd401f809fc0d0ac4e3a0a24dd1c936992dc18bfa2f5457bed8
CLIENT_HANDSHAKE_TRAFFIC_SECRET 4319bd24da735349976e2255dad87fe80929059d854159c274c80bd9e1abd7fc 03ae49c86bc1b346ae4c7ae484498ab38ea124e24c437c709decf9e56453923878e0862573426c1fae915a4a37ede10c
CLIENT_TRAFFIC_SECRET_0 4319bd24da735349976e2255dad87fe80929059d854159c274c80bd9e1abd7fc 03b1f97d695b793b220d5874074a3cc61d009d791f5e0777c2021eff6a7937e34962e3772814e6108e7307e218e6a125
SERVER_HANDSHAKE_TRAFFIC_SECRET 18980c43da81d81ba9cc444943967c61f1dac629b5a096f2c423d023648d2811 308d9c86ebf7b80a3ad0f3738657d5fce95b5e137354ec11dd2f67fd9f775fde8f4795d80dba910950d048fa072e5e98
EXPORTER_SECRET 18980c43da81d81ba9cc444943967c61f1dac629b5a096f2c423d023648d2811 7b134e0beb10e1cff46e7bd49523c0a3aa8292ae03fafdef2b9e3138e10020f635738bb6725915d16fccf69234bb8f14
SERVER_TRAFFIC_SECRET_0 18980c43da81d81ba9cc444943967c61f1dac629b5a096f2c423d023648d2811 2dda6c736fdfc2501d62c7fa61a2568dd81b586f9bab5344cb2f2682e593ec8542e4607db19558c52f25af1635970bed
CLIENT_HANDSHAKE_TRAFFIC_SECRET 18980c43da81d81ba9cc444943967c61f1dac629b5a096f2c423d023648d2811 6e4d388b3a9fcac0b0ad624daab60b7779a4906c456147ed678601b3c0b928a7ae993ce2bcfb0978b16f523f6a75f2a8
CLIENT_TRAFFIC_SECRET_0 18980c43da81d81ba9cc444943967c61f1dac629b5a096f2c423d023648d2811 3d3114db7d5528f426bde1d9a2763fb797270e71c480a8dbae105e5302c1781d3248313137671677220ffbfbda463a85
SERVER_HANDSHAKE_TRAFFIC_SECRET 0d505cc3b2cfb70fcbec9826215f9add9469859dcb6683f276775493f6d65666 281cd456b73aca16e159efbf14276fcd9849f95b091fee4d54a0bcea32eedc913faf22cf47dd4c985f83672a885d3666
EXPORTER_SECRET 0d505cc3b2cfb70fcbec9826215f9add9469859dcb6683f276775493f6d65666 540d37b7bd6ba275c56d4497a28825f0b53b7ac23122a5a2800e224020a9c38ad67275dbad2cf965694547b61f673549
SERVER_TRAFFIC_SECRET_0 0d505cc3b2cfb70fcbec9826215f9add9469859dcb6683f276775493f6d65666 432913c081086f41913979ece118c25c092366f1b5fc78ea6674a46fc0767d7b0745f802329c6a0f80176069898eed18
CLIENT_HANDSHAKE_TRAFFIC_SECRET 0d505cc3b2cfb70fcbec9826215f9add9469859dcb6683f276775493f6d65666 bc93a1bd8f6b350b010c68af666974a805ccd3419a45ff2f9ae1ca49f2269e2c79a9dee8816c47fb0d9d451b86b8df1b
CLIENT_TRAFFIC_SECRET_0 0d505cc3b2cfb70fcbec9826215f9add9469859dcb6683f276775493f6d65666 71d2211ba419d44a63183ca36d8d1d5e526e234cdd259d435470ab2cd3b3bde57561446aeec2cefec1d43f549ac164ec
SERVER_HANDSHAKE_TRAFFIC_SECRET e97d17ff49331e2872a5c975f7bd0d82b68bedda5b41225e58452927a5a2e3de 2e1b0eb0bdeaddf13d4ccbd59109024f0264e47d1d7ca50006790ebc157f86bbad883789425aef5f1ee8630da8ce898f
EXPORTER_SECRET e97d17ff49331e2872a5c975f7bd0d82b68bedda5b41225e58452927a5a2e3de 82150a8da0b80624312240b165169d462e2ac138a0d737859c11d34104983225f8f6b628ef1a1436fbcf90818f22c826
SERVER_TRAFFIC_SECRET_0 e97d17ff49331e2872a5c975f7bd0d82b68bedda5b41225e58452927a5a2e3de 774f31544b63801b2dc3770a17a3c6ea8abc80390f72a1527b2036d289433e2b5211c51bb11664883f3353c5f81915fa
CLIENT_HANDSHAKE_TRAFFIC_SECRET e97d17ff49331e2872a5c975f7bd0d82b68bedda5b41225e58452927a5a2e3de 6bc69c353d66b6e36d4a129e669d340024bf5e114e730f2c6b0fc7396cd11d2b1acb27f504ccb1f08599c5cbdd285c10
CLIENT_TRAFFIC_SECRET_0 e97d17ff49331e2872a5c975f7bd0d82b68bedda5b41225e58452927a5a2e3de 725ba6231b8b3977b80323dff9708f32069448918aa1cac873639f2838adf28a12bf2f7b5cc8a29f09d2c6cb0c4d5312
SERVER_HANDSHAKE_TRAFFIC_SECRET 22ecf418dd53d95db779c224bf5ee69acc4f5bd5a77c2aea24938c4d5b0d0267 300b5e955b99e89440fe40b2f9f1bcba3902599ff4b10de52e17322501fc31aa56061aad9ead8d494a56c49a83aa20ec
EXPORTER_SECRET 22ecf418dd53d95db779c224bf5ee69acc4f5bd5a77c2aea24938c4d5b0d0267 00953475a381a4571189b0701033a376d74272f3e077e161350a2555f7e6993bc4cce9e1572b601889ca7b70cb02ec53
SERVER_TRAFFIC_SECRET_0 22ecf418dd53d95db779c224bf5ee69acc4f5bd5a77c2aea24938c4d5b0d0267 bc5728d9179b61889231bb0d3f0eebb7dcfd46b16b5875cc31ccf9494f7f38983138813f16dffad849966cc771a5e66c
CLIENT_HANDSHAKE_TRAFFIC_SECRET 22ecf418dd53d95db779c224bf5ee69acc4f5bd5a77c2aea24938c4d5b0d0267 1d19e0bcc06776b661e985c0078b1b6db089bcd42fcbf513fea7a5ce0d01aaff29297b5e82b14de4e3c18ec786962c68
CLIENT_TRAFFIC_SECRET_0 22ecf418dd53d95db779c224bf5ee69acc4f5bd5a77c2aea24938c4d5b0d0267 07281f352424c607527e890f8f159b61997969173c156befe9257ff7edef792bdf5bb2aa519dfd281d46364d9629caf2
SERVER_HANDSHAKE_TRAFFIC_SECRET 6d4b09e7f63591b63b27e0b201d63ae84091eda2d11056f51224ec47276c6238 a1a15360033c9fdae5af20da39d93f5974d1da45ff4e9494017f8b1ff4a16cc128436c3312b421d32e17d208aa7563c9
EXPORTER_SECRET 6d4b09e7f63591b63b27e0b201d63ae84091eda2d11056f51224ec47276c6238 06e8d384ef631d04da997e4b36911e0bf78467ce5de2037f47a74f6fc95da0b16cea35d747f296b07f83fca51a7d2026
SERVER_TRAFFIC_SECRET_0 6d4b09e7f63591b63b27e0b201d63ae84091eda2d11056f51224ec47276c6238 e630338d78ecd6e876ce13635b23d1b52b1b2c86f6672e4cd8e69cf1aae29e812e6793e37729597b9acd53271420b93b
CLIENT_HANDSHAKE_TRAFFIC_SECRET 6d4b09e7f63591b63b27e0b201d63ae84091eda2d11056f51224ec47276c6238 16ea6d13267618b688289d802235e11982314bcda16e52e4c5cec5f98da4ef9787610d77566c0057c76c139949a654f6
CLIENT_TRAFFIC_SECRET_0 6d4b09e7f63591b63b27e0b201d63ae84091eda2d11056f51224ec47276c6238 9015ec76f4f1df164aa7b692b672405bf456d4056870c54a0be7c10d985fa6d762e4f12c1a390b416db51e193bf266dd
SERVER_HANDSHAKE_TRAFFIC_SECRET 9b18c2e0da0fd09f697699d56e75ed117c8b55f35c6bf3164d5d181424387a44 6990e77b586b9cc3eec16ea85cc7d0bfc3273cbbb88878f99de63b65f2089c17f0efc241414e153b0c0c100941ff4ae3
EXPORTER_SECRET 9b18c2e0da0fd09f697699d56e75ed117c8b55f35c6bf3164d5d181424387a44 000bf114507baf8c82e0431c3b80b4f86bac1c238b35f702ec93e66cc2ef7f4b9bd860dd6133e705e640e1caf35e17fb
SERVER_TRAFFIC_SECRET_0 9b18c2e0da0fd09f697699d56e75ed117c8b55f35c6bf3164d5d181424387a44 4c506d5d2075d18f249f497e6e7a8b148e9782aed41ef5e3ce914d985295994474d64c6191cc34da75c4653417e3deae
CLIENT_HANDSHAKE_TRAFFIC_SECRET 9b18c2e0da0fd09f697699d56e75ed117c8b55f35c6bf3164d5d181424387a44 7c3aeea656f1591a70973f67cce7b6d7e13c58c9e7d57031b0e15965eff27b931bbaf18d82238bb706472d043d2bb2d5
CLIENT_TRAFFIC_SECRET_0 9b18c2e0da0fd09f697699d56e75ed117c8b55f35c6bf3164d5d181424387a44 ea0de543d76cf9a7753373e2db11cea80712f2dfad8451757be37b479edf1c8f549cfab24bce29110c869670764b8c42
SERVER_HANDSHAKE_TRAFFIC_SECRET c86a840bf50484e68bf10d38b7da3ce73c345c2e4d29cd4e10e077437ab0a825 f2853688db7474ee2119706b2e17a0b5bd4b4e208f5387035eccfd8d75ef1b7bc6cb2337f8afbb6507cfd2f343480aaf
EXPORTER_SECRET c86a840bf50484e68bf10d38b7da3ce73c345c2e4d29cd4e10e077437ab0a825 11a9dfe021cae43996c533f6710bcba83e583b3480c4848023bc121956dc7ae95865418de68cd7374419cb507ebfe8b6
SERVER_TRAFFIC_SECRET_0 c86a840bf50484e68bf10d38b7da3ce73c345c2e4d29cd4e10e077437ab0a825 d2129de8a7eea32f612689a02101b4e1362869bf74a0dc0a137fec858b7d8191eca42517e8fd372362f925c35d401a9b
CLIENT_HANDSHAKE_TRAFFIC_SECRET c86a840bf50484e68bf10d38b7da3ce73c345c2e4d29cd4e10e077437ab0a825 e1bfbb97983f82001669712efe240bcad2fc4d0eb56990d51fce5d3b5731570d2e3a55a105d50f6577380c5334c9d256
CLIENT_TRAFFIC_SECRET_0 c86a840bf50484e68bf10d38b7da3ce73c345c2e4d29cd4e10e077437ab0a825 3a4db948e640ccb61595d4f85ef8e0200640c437758e2fdad026fbda6e49593e65154f35b27955b3bdec8231d9d47209
SERVER_HANDSHAKE_TRAFFIC_SECRET 1b009ea3068333dcef99fcd3aae0c6cd77e50a0d72304b9b0f5e8680f1a2e166 ca480cd890bbb1b5591453ef827f8c692e1ca141e51c62ec7cf376cca5a0bd3384f016d4dad8cec69be39b27348e97a2
EXPORTER_SECRET 1b009ea3068333dcef99fcd3aae0c6cd77e50a0d72304b9b0f5e8680f1a2e166 7440376b49adcb5a2cdd9c62ad51b18ef3d9cef8f2bfe59b8944e14c1e41605dedadaba5c117405942856e73712f4a2a
SERVER_TRAFFIC_SECRET_0 1b009ea3068333dcef99fcd3aae0c6cd77e50a0d72304b9b0f5e8680f1a2e166 1d48897eec6458a49b54046dc0b5ea5a6b26da024b695b5d319c9cae44cb74c86a8f7980b2b7ccf0382db6c1af0ae91b
CLIENT_HANDSHAKE_TRAFFIC_SECRET 1b009ea3068333dcef99fcd3aae0c6cd77e50a0d72304b9b0f5e8680f1a2e166 5d54c4bfe04383606211b9f59e27f690fac6808f45bcb7a22002078a573521fdec98d823906490f93d1597ca816f5029
CLIENT_TRAFFIC_SECRET_0 1b009ea3068333dcef99fcd3aae0c6cd77e50a0d72304b9b0f5e8680f1a2e166 4c626b2ac48ed58ce612ec8663f83cd1eb11dca742d2bcf867f4c70a3fce4563ea95d496741a7033f05794bd2bfd6367
SERVER_HANDSHAKE_TRAFFIC_SECRET 9ececc73b5214bc0d17d6fba76a9564e719c1e7b014ed4ba5103d2a30426a48c 919df5c54d072efa44a719fd0ee25d4bc3dd1520af8ed6d79881e3dd6cf25a7fde372c5b04263a723841e3b1a6045d27
EXPORTER_SECRET 9ececc73b5214bc0d17d6fba76a9564e719c1e7b014ed4ba5103d2a30426a48c e07d9c947b126608f45092c5017779f0e19c421b945a9e7c7e3f5eb02f37166c1b05cf0e9d75abc792ede756a7b8b701
SERVER_TRAFFIC_SECRET_0 9ececc73b5214bc0d17d6fba76a9564e719c1e7b014ed4ba5103d2a30426a48c ea8e21ec3f6c54babe7bc12d9eb896e5f02e2be2028d2fbdc9c4b7d3c839d86de81bcc19aac0399437781fc640f4b37a
CLIENT_HANDSHAKE_TRAFFIC_SECRET 9ececc73b5214bc0d17d6fba76a9564e719c1e7b014ed4ba5103d2a30426a48c e3a1694ce4a72ee77318a0591fdc26462bb797d279cb65251e084b69d8cbb76175234efcae3f961e5dcd8de10421c415
CLIENT_TRAFFIC_SECRET_0 9ececc73b5214bc0d17d6fba76a9564e719c1e7b014ed4ba5103d2a30426a48c 5fe0684022e3f0ab35dfe9172cafe0fafe3b5f7b4f23c2614decbf0cbd182f6483371dc15ad897f74c824d517c91ce69
SERVER_HANDSHAKE_TRAFFIC_SECRET ce99b12e1b7311ddd07ee3ea6c5b90a8ff6e7b4473191a6a1863eee8e1e57e3a 1135fe29d153156d7b6aa227ab0010ea434669978053bc4d8da15c2213f75202114cb68ef35fd03272aa52068f269e06
EXPORTER_SECRET ce99b12e1b7311ddd07ee3ea6c5b90a8ff6e7b4473191a6a1863eee8e1e57e3a aa65d62727e4af48538952931138c38ec5b384d9e2f52d4184e206901b3c031b3ff6288696bc9069e4af724cfd6f0d8d
SERVER_TRAFFIC_SECRET_0 ce99b12e1b7311ddd07ee3ea6c5b90a8ff6e7b4473191a6a1863eee8e1e57e3a a48d96b2b4d50fc92384d426b33a20145777461117fde13702521b2ae33b95aa5487192b9f6fd211b7bbddc057c3b6d6
CLIENT_HANDSHAKE_TRAFFIC_SECRET ce99b12e1b7311ddd07ee3ea6c5b90a8ff6e7b4473191a6a1863eee8e1e57e3a d2f76d5aad0cb4b4419355c19d3f29e08bc1f8e54f2bdf55546e5d6b28812f78b401238e94c334b523febadffaca2364
CLIENT_TRAFFIC_SECRET_0 ce99b12e1b7311ddd07ee3ea6c5b90a8ff6e7b4473191a6a1863eee8e1e57e3a 334ceb4c9821602ceca1d1c0f08f2ccc8ab4233b30aa4e9b76dfb1b51ec5d45539b268a1767d107d623ccd30bd960dec
SERVER_HANDSHAKE_TRAFFIC_SECRET 9452b6e561511f7796dcccb65dd13bad421af3238ad3f82f62e2d83188f7595b e7a165e5066904229a38244480c6c0648083b943f507f1ab30d51ac79c8610b60bdabd0bc04d7196d9cd5f9236802b1c
EXPORTER_SECRET 9452b6e561511f7796dcccb65dd13bad421af3238ad3f82f62e2d83188f7595b 5bbd01d0101f5bba4d5f3ed2fc611639f890ae57eb15426d49809620e1e58338d094faf4d981d6af3eadabe0b82b323c
SERVER_TRAFFIC_SECRET_0 9452b6e561511f7796dcccb65dd13bad421af3238ad3f82f62e2d83188f7595b 2fbe1ddffc594789ea5dd1507a4c119d3bdde7aaa79d6e728e28acb90f9bfc50b6652e922ba0ea7362c41ac0a48c4305
CLIENT_HANDSHAKE_TRAFFIC_SECRET 9452b6e561511f7796dcccb65dd13bad421af3238ad3f82f62e2d83188f7595b eaa33147ea092a1bd2deb9ae17eda66e4725a87988274a7a1996734e2a8a9d8abffc979382a0dc08cc3347797929bbdc
CLIENT_TRAFFIC_SECRET_0 9452b6e561511f7796dcccb65dd13bad421af3238ad3f82f62e2d83188f7595b b6819dbdb4ea6da922c9375d55c7051f9fb678e7225524881d92ae0346fff354c2dbead09ca30961688ba6f25d449c59
SERVER_HANDSHAKE_TRAFFIC_SECRET fd49bdfd4e30d39f927cdb6a0ba47be2c8dd2391535f2dd91b2591c52e4c5841 cb77d5fab31bdfa55a9c0dbd33d344a2a3491445c0b5978e056243813bf905d61408c3d9b929104354161168d7dfc162
EXPORTER_SECRET fd49bdfd4e30d39f927cdb6a0ba47be2c8dd2391535f2dd91b2591c52e4c5841 f2a1764fb8827f15f3e49eb208de1443595fd79f365b1f2c57a30f7956ec048fd1fa14f8960515e350aea7ac20624b91
SERVER_TRAFFIC_SECRET_0 fd49bdfd4e30d39f927cdb6a0ba47be2c8dd2391535f2dd91b2591c52e4c5841 2c6c84555c1476c0928fd5a34151ab01e64acacf6c023420bfb2c02636731ddc7fae28e3094b0573ac98b16d61b2ac45
CLIENT_HANDSHAKE_TRAFFIC_SECRET fd49bdfd4e30d39f927cdb6a0ba47be2c8dd2391535f2dd91b2591c52e4c5841 31284e80d7f9797ae4f9f2bceadfa8659d83680f721a516de5021750024a333f9aabc9bb794075d3bef4f0c31777e2ed
CLIENT_TRAFFIC_SECRET_0 fd49bdfd4e30d39f927cdb6a0ba47be2c8dd2391535f2dd91b2591c52e4c5841 1b0b060ff07a2abedfad7661b3c231a0dd3a3cf3629b3eedf8a5df1bc3e92ab35677f81d64dff59ce6a1f6fbc21264ba
SERVER_HANDSHAKE_TRAFFIC_SECRET c25b4ef8eac74b3960ebe582dacf073da3323b0ca31ba8e0cbcb35d6b7d97fc9 cde92aa13f421e550f2925094651b6e9f3190669f53e6571dfe0005adfefbc356226c4d8653d2fe192f47ceaa889f659
EXPORTER_SECRET c25b4ef8eac74b3960ebe582dacf073da3323b0ca31ba8e0cbcb35d6b7d97fc9 f23531c85bc49a8ef78900a976b69df543d4005735cb6a1b602a6611174011d7c1798d3be2cb1d639c9f9ff539482211
SERVER_TRAFFIC_SECRET_0 c25b4ef8eac74b3960ebe582dacf073da3323b0ca31ba8e0cbcb35d6b7d97fc9 e37937c0ce40a19fdc2bc118a197934b454b2655ebcf9dc7f861e52471c866cc9dc0e8f147c2ab6fea8e8cc777c9d54a
CLIENT_HANDSHAKE_TRAFFIC_SECRET c25b4ef8eac74b3960ebe582dacf073da3323b0ca31ba8e0cbcb35d6b7d97fc9 26343975fc94e5046567765d70927a80de6a803b7c070833d5aaf1cf9db5b316ac5122f49b59019a37e525c83aebc397
CLIENT_TRAFFIC_SECRET_0 c25b4ef8eac74b3960ebe582dacf073da3323b0ca31ba8e0cbcb35d6b7d97fc9 e93b47f31e57918a233cffa8089911b83ef96b65e948b24bb607fd28923c7118ec1498591e91068069ef16d463168ec9
SERVER_HANDSHAKE_TRAFFIC_SECRET c6fd55b640b75e401e9f4cd545b034f8a25c40af01472429e204066683493999 4285279285879104d0712e6bd4b11008c37f065505ee0b929e570c26a09407d65206647b6724f96aa3d1b733e372d2ab
EXPORTER_SECRET c6fd55b640b75e401e9f4cd545b034f8a25c40af01472429e204066683493999 c4e9f7396be226344d1da2d97984e9f9fc7a44c0bb601af29fef99c79429050c5eaf99fe591e46c514a6fad4e74b833f
SERVER_TRAFFIC_SECRET_0 c6fd55b640b75e401e9f4cd545b034f8a25c40af01472429e204066683493999 e1f81bcc23c9868b8b7d25ec2f96ba1a9289c1e82ac28cd1ff165c00c3c02411783fa2653daf786d4a5621e3d33553fd
CLIENT_HANDSHAKE_TRAFFIC_SECRET c6fd55b640b75e401e9f4cd545b034f8a25c40af01472429e204066683493999 86350ae5903ef95455333893999c80581ffb246d6e2106f098eb0a16fa54638cd9e49effff5527a3ceaa3310d2ebec72
CLIENT_TRAFFIC_SECRET_0 c6fd55b640b75e401e9f4cd545b034f8a25c40af01472429e204066683493999 d7faa789ca227121a064dd671a579df439d27437852046b4331b51c9c2b0a2000e3f77502adde8b10f9f0737d94d817f
SERVER_HANDSHAKE_TRAFFIC_SECRET c8195f5464ac123e8409abe75354a34509749b78adbafbbaca0662ca25255085 a280fdcfa05329c102b476701c5043db1b10702d957b95f2239f915d4408c4e5a087a2d89c76afb2be993e9cf6a77ac0
EXPORTER_SECRET c8195f5464ac123e8409abe75354a34509749b78adbafbbaca0662ca25255085 b2b4f4e02bacb7da78dd77cae9b9a2f519b3b637f4e625076e143f6d1c932c685a630ddd030716ca7c0a580c93165abe
SERVER_TRAFFIC_SECRET_0 c8195f5464ac123e8409abe75354a34509749b78adbafbbaca0662ca25255085 c95772004932fda728735dc6d2021d8a59e8fd915f81f6ac45aa225dbe49f517eaf812d1b4600b34da81c7c9cf8a836d
CLIENT_HANDSHAKE_TRAFFIC_SECRET c8195f5464ac123e8409abe75354a34509749b78adbafbbaca0662ca25255085 cd19166331fbeb3c933bcbd5fdcb12a632e691e17d534660411b20370902136c5e9c3489ea920be60c9598e4c2634bd4
CLIENT_TRAFFIC_SECRET_0 c8195f5464ac123e8409abe75354a34509749b78adbafbbaca0662ca25255085 726b62d280fe51a7b88feefaf7cb49636e19d4f4bc09d40d4a728c275ba63f756f735f68c7caea5a98e1cf44ca94de91
SERVER_HANDSHAKE_TRAFFIC_SECRET 5c7ad3489545efc0c3ed3fe34fc756fc0ac4b898ecab736d2d72c27b0b1162d1 c2a6951cd04f0c10a90e5efe67a4f6a382bc2ce074674369278bb13e8c6fd378ace5a2ff44e72efde29ab9a2e36f9714
EXPORTER_SECRET 5c7ad3489545efc0c3ed3fe34fc756fc0ac4b898ecab736d2d72c27b0b1162d1 c55bdf4a016c18bb05a3306b60ebcbee9e14f46153c268a59225c9f38d2ad2c5e7468249916e3f46b54a5508c96ecdca
SERVER_TRAFFIC_SECRET_0 5c7ad3489545efc0c3ed3fe34fc756fc0ac4b898ecab736d2d72c27b0b1162d1 1ab5497abd38c612452b13fbbeff31fd35ac6ffbfdd46c11bb3fc3eee37aeee1939147fe8f8ad3bd32151d957425d0e7
CLIENT_HANDSHAKE_TRAFFIC_SECRET 5c7ad3489545efc0c3ed3fe34fc756fc0ac4b898ecab736d2d72c27b0b1162d1 ad5dfeced23fbeabea33642417740a0a69a590c5e9174ebc4290de4aebe622ae2e9d7fab3ab6adeebaece0eb9a09507b
CLIENT_TRAFFIC_SECRET_0 5c7ad3489545efc0c3ed3fe34fc756fc0ac4b898ecab736d2d72c27b0b1162d1 dbb311c7b838f6781744c9f0758602328dd2936c77aa14ed5ea8a3ede1c2f719eb31a76255ae4cabe0ecda0deff76201
SERVER_HANDSHAKE_TRAFFIC_SECRET 172f48eb993954f767dc2f3863a9af77e19ae65481a5bc75098179e22709ab9b c8e52d7ae1df2fc02dcea774c544ba3acff9d86262fb90690f14a96846e0474d7763219338280ac4083c34850f8c0910
EXPORTER_SECRET 172f48eb993954f767dc2f3863a9af77e19ae65481a5bc75098179e22709ab9b 38af29dfe7ccc27363e9288760cbc0882622cf68c2e0d79e3386db710506b6bac38a9a033951bba0b8da5bd25e60db5f
SERVER_TRAFFIC_SECRET_0 172f48eb993954f767dc2f3863a9af77e19ae65481a5bc75098179e22709ab9b 01a0560b159432594cf62a2299c3a35b46bf5da78b13d494046dfc325101b49df78e83c12512a59663fa67dee463fdee
CLIENT_HANDSHAKE_TRAFFIC_SECRET 172f48eb993954f767dc2f3863a9af77e19ae65481a5bc75098179e22709ab9b 5bdca571418cbf948b9c1c927e17d32855dcc5f141ce20b34045df02c9eafd492b028fa3f7f517595bf09f85849c7512
CLIENT_TRAFFIC_SECRET_0 172f48eb993954f767dc2f3863a9af77e19ae65481a5bc75098179e22709ab9b 701884e23af2da843328cfb2922b4b6bb293e3a28ed5070ce592e15989a9ab7ddba2c505b0cf2c1296bc37f8669f2fa5
SERVER_HANDSHAKE_TRAFFIC_SECRET 9eaa38e167f957e8783d87b189b5fe3930d7c98d2a88e356774662de1efdb7da 5dbb861ed8277e2f9d581a55919539cb53cd26690c11530b2bddb1df36af9d8d0397c9a6bb3db4e7d1260885c78663ef
EXPORTER_SECRET 9eaa38e167f957e8783d87b189b5fe3930d7c98d2a88e356774662de1efdb7da 6cdf95222ed492668434e26edd976ba293223c086f3e95f57be5e8dcf74bee8f97508a87d05faea79d8250a0ab5f0432
SERVER_TRAFFIC_SECRET_0 9eaa38e167f957e8783d87b189b5fe3930d7c98d2a88e356774662de1efdb7da f7059ae08ad7168af3e849c66e7e795a1ee9eca3aedea90c6dd0b2da93cd9e00b0d4d5ecf08a433bab6032a869a645d3
CLIENT_HANDSHAKE_TRAFFIC_SECRET 9eaa38e167f957e8783d87b189b5fe3930d7c98d2a88e356774662de1efdb7da 6cff365d6434f5ae3761109fa8b2a6b5bee0d1c9d3eb4786bf13a36abe0097db147e5bfdff636c7212e4ab8f9fc4ad3c
CLIENT_TRAFFIC_SECRET_0 9eaa38e167f957e8783d87b189b5fe3930d7c98d2a88e356774662de1efdb7da 2d747ccb4a2baa890816f18bd07044c51c0cdd73aff5969714f8586db716f23ad0db19ec5932983fd5f204f00c5ce71d
SERVER_HANDSHAKE_TRAFFIC_SECRET a4e10fd3807473735d3c1d240621a0ea00d20dc7fb1fcafe07c7eb1ea2f698a9 98461210657410358159d47391bb004b80da4712b5478e934711ea6e6f36d125feb339c876d1d2c5e0961fcd5e55209b
EXPORTER_SECRET a4e10fd3807473735d3c1d240621a0ea00d20dc7fb1fcafe07c7eb1ea2f698a9 fa7952012261cd67eb28dbbe6bd9685545b007bcae1d1fe11da7b31d69ee3e744fcb2e4e977855e7b6fefa835b6da5dd
SERVER_TRAFFIC_SECRET_0 a4e10fd3807473735d3c1d240621a0ea00d20dc7fb1fcafe07c7eb1ea2f698a9 f2f718ff00e41a19559cc6e8fc2025f9f6f4199e7d1aeb46428458f15c4c3ee6e80a27f2eae7a781b1ef352c29b3dc9f
CLIENT_HANDSHAKE_TRAFFIC_SECRET a4e10fd3807473735d3c1d240621a0ea00d20dc7fb1fcafe07c7eb1ea2f698a9 3601ad583cc376be273f64cac33426f9b30eb730f083cd28c2440eecb0fffe9ed471297af5b7a79599455fd497d9f67f
CLIENT_TRAFFIC_SECRET_0 a4e10fd3807473735d3c1d240621a0ea00d20dc7fb1fcafe07c7eb1ea2f698a9 b2a5c88334990b2b5ac1e70921f342637f4448c36f85dd8822d3aa8a548fdadcd41995c972ba161a694cb412faa85bf5
SERVER_HANDSHAKE_TRAFFIC_SECRET 9477d04cbb07fe039d15e1fc128925ad49647514a709411cb488c56695b3e312 5543b4269a82b5630a1f8d121cddea3f9f72984559cf5ffef453e2b2a3fa0eae8e2b0d9e128629a69c0eee6e91190bff
EXPORTER_SECRET 9477d04cbb07fe039d15e1fc128925ad49647514a709411cb488c56695b3e312 6530893d3852e1ae1d5b8c7dc1b6e8e35219a5e8d406eb9b311eda33960225aa373a31389b1ce939e2ccd1a25bab766b
SERVER_TRAFFIC_SECRET_0 9477d04cbb07fe039d15e1fc128925ad49647514a709411cb488c56695b3e312 f7d154f5d380c946e0ea73831b49cf95fa4821733800b797abf4bc4a417dc060cb1f8525171237da9d24d4177de1d229
CLIENT_HANDSHAKE_TRAFFIC_SECRET 9477d04cbb07fe039d15e1fc128925ad49647514a709411cb488c56695b3e312 21dcb0d2a4bf54ccad8143a44eeeed47232010ec76ee386cf0ea885e98f26af60bb5ec69fe1848f42636fcd80398016c
CLIENT_TRAFFIC_SECRET_0 9477d04cbb07fe039d15e1fc128925ad49647514a709411cb488c56695b3e312 9387028961f5beaeda90efd08746abe7bfd7a9552b1330e8aa7ad0e27a427ac7734e0966433641feae5157532ef82ca7
SERVER_HANDSHAKE_TRAFFIC_SECRET d8ca97680c50132d699d19a935e37a65911de357163dd4df3d74a6edce6f8c39 0095a1a3d8db6f81cfd76d48e0061a02c289751cf5ff1fc3baf12d0576fe876d5e002cdacce124c9eeb6e97c8583be00
EXPORTER_SECRET d8ca97680c50132d699d19a935e37a65911de357163dd4df3d74a6edce6f8c39 53cf6b9d89b45c58815a632c8764603ea2e335069003b62f330703266f52bf64e63255025874a2e6b90d3100c884f3b3
SERVER_TRAFFIC_SECRET_0 d8ca97680c50132d699d19a935e37a65911de357163dd4df3d74a6edce6f8c39 13d0955d111e421512a28b30fff5ae48a301b08be698ba1362f48f6f5a3919a7df6ba884830d2b97f939dc70c996c9fb
CLIENT_HANDSHAKE_TRAFFIC_SECRET d8ca97680c50132d699d19a935e37a65911de357163dd4df3d74a6edce6f8c39 36a87fb1e49258ba523d852d4eccc432e5752d3f9b70e073dc0780c9737173e3c8bfac74167de5b86bee0676225ba588
CLIENT_TRAFFIC_SECRET_0 d8ca97680c50132d699d19a935e37a65911de357163dd4df3d74a6edce6f8c39 16482ea41402dea0a0614010d554b8244caef9a4499ab240a6d6eb5ae34a9a2e4e104fa9cdeb4f3f495873f89e3a099f
SERVER_HANDSHAKE_TRAFFIC_SECRET 2e1d360431917bd3c5457c077062c644409ed4a53df65fe5c68cfd318bdf21a3 f4c041ecb40807c5a92a0a199507702de7c18a671f90e477f2c82f44a4ecbf56367bfcf5cba844cc3666362e5ca139cd
EXPORTER_SECRET 2e1d360431917bd3c5457c077062c644409ed4a53df65fe5c68cfd318bdf21a3 403fed79b3cda41d6884b5fa2fec4971e8dd2e404fd34ce2949569528e1fb272ab4384d05b84617a9e5ad1e784153ae3
SERVER_TRAFFIC_SECRET_0 2e1d360431917bd3c5457c077062c644409ed4a53df65fe5c68cfd318bdf21a3 0f2b1f4acdc2e2cb75ef6d56ce798604e2c23f702940a2658fe187458747342b47ef590ab654ce03fec59f08ede8332a
CLIENT_HANDSHAKE_TRAFFIC_SECRET 2e1d360431917bd3c5457c077062c644409ed4a53df65fe5c68cfd318bdf21a3 444007082b4097032c6bc96b7d5612e63870437d394b74da2e6c48cf8742a0841dade317c6246389a96b434172866ff9
CLIENT_TRAFFIC_SECRET_0 2e1d360431917bd3c5457c077062c644409ed4a53df65fe5c68cfd318bdf21a3 5070af13a535825f8f78f1429db60ef3a986f2c1f3493ab61c6545bdf62c819a27bb1c72c45301f8e1c90ed5d4bd6e7f
SERVER_HANDSHAKE_TRAFFIC_SECRET 0e9adedd97ba807a2c12d138729228c4a706546723fa1a4cd45f8ef6a49f8087 acb3485b9d64d51adacbc70e8375fd477f2eb353a1448e77d6d08e498106e1a5a719a5a4ae479b3e00f14b2b98e80129
EXPORTER_SECRET 0e9adedd97ba807a2c12d138729228c4a706546723fa1a4cd45f8ef6a49f8087 308e7c3a71d271c56c67afa3842db4cea91e62338fceab5fed970eba1b5900d2d5f399f9461a52c8f6cc4ad9db0badb2
SERVER_TRAFFIC_SECRET_0 0e9adedd97ba807a2c12d138729228c4a706546723fa1a4cd45f8ef6a49f8087 299840ab2214fcc059536ff00235122f79f53e20c188f19fc6f82cd8c1f7e3f73c9eea44db64a5904a104800bb666979
CLIENT_HANDSHAKE_TRAFFIC_SECRET 0e9adedd97ba807a2c12d138729228c4a706546723fa1a4cd45f8ef6a49f8087 67336d4fc374970d853c6cce4c639b991b3e7cb0dd95ad164386b799427394a35c918cbefebfa2f18c9d66ca38e5d513
CLIENT_TRAFFIC_SECRET_0 0e9adedd97ba807a2c12d138729228c4a706546723fa1a4cd45f8ef6a49f8087 90f7d5ea5ba755c1e7721981f32a57a35c7bce5a4d13fb14a1851fdb32617008dd14b8db11493fe3374194facfed7259
SERVER_HANDSHAKE_TRAFFIC_SECRET 37099eba5632a46f0fe233d9f7dc49c918b5d6f45f6295ec585b57258d3ef228 3bde71b06d5e143f74e434535656752dfc5ee5fcfeec3d4983497770ee2661df769745d1b68c3b35fa4ec69e026736f5
EXPORTER_SECRET 37099eba5632a46f0fe233d9f7dc49c918b5d6f45f6295ec585b57258d3ef228 ae7fb578c96264522fb3c18aaaf7f3c1c71821dfa52797b6c48b00a34405aadf3bf345b42ac124aa7ace70bae4e32643
SERVER_TRAFFIC_SECRET_0 37099eba5632a46f0fe233d9f7dc49c918b5d6f45f6295ec585b57258d3ef228 1e0006ade0d66d4758b7a353ddf5a8dab1b8cd6af63a250d3cf590ad2a07c7f0cfe4973160c052459c45136edb5178cd
CLIENT_HANDSHAKE_TRAFFIC_SECRET 37099eba5632a46f0fe233d9f7dc49c918b5d6f45f6295ec585b57258d3ef228 51af223115e3a9e848462ba359a804df1bb74d290dffac12e8d608f35452d010967085ad71cfa091a3051cfe3f3898f8
CLIENT_TRAFFIC_SECRET_0 37099eba5632a46f0fe233d9f7dc49c918b5d6f45f6295ec585b57258d3ef228 9dc5ef76fd7331ea0d207feec3edd73abb9fbf1d9ae398ffaf842a1e0dc12fb12a815bf47b8b34d6f9b84862a087ffa3
SERVER_HANDSHAKE_TRAFFIC_SECRET 9f212d1c11bcfa2db8cd7c7d8e7e6b45e13ba68745ed0e111122992bcc90abed 8d5f4346e2fae343bceccaa2e22b79b0c097daf80d2166bd1654646e73d196d040bd28b1611509cd60767180fe88fa2d
EXPORTER_SECRET 9f212d1c11bcfa2db8cd7c7d8e7e6b45e13ba68745ed0e111122992bcc90abed 628657e9fafbd3b8b047e1dc7ed84ac927e804c7c216743cd43be7d3304c135cc5141ba18595d2edd624418c1f3f818b
SERVER_TRAFFIC_SECRET_0 9f212d1c11bcfa2db8cd7c7d8e7e6b45e13ba68745ed0e111122992bcc90abed 6d616eac67595421d8964268a26aa9ab59ac70922f486a43e0392df0a739d2fbdf30e4216cccb7f8350fa0c5452be7eb
CLIENT_HANDSHAKE_TRAFFIC_SECRET 9f212d1c11bcfa2db8cd7c7d8e7e6b45e13ba68745ed0e111122992bcc90abed 4a4508ad99d19ad6656f6bbeb88f3ed87eba69c4cf16b984017a289e52d5dc08eb1329fbf9cb757e34886ed9522d0e8a
CLIENT_TRAFFIC_SECRET_0 9f212d1c11bcfa2db8cd7c7d8e7e6b45e13ba68745ed0e111122992bcc90abed e4b7d9a13630ea4147c335e75dbdc77b2416721f69816ad3a7223e56ce776b2779866fdd37c268fcca84624799dfb26c
SERVER_HANDSHAKE_TRAFFIC_SECRET 744e14da3561b5154b6a6058143617151d02ddbf52b8cb646d9ce113471a40b9 9e87a46351404a3870d58b68ffa6f9dcd9e339ff7713c7bd2e3961485949bed57313ac9f79c801054938d693c3f6d4e9
EXPORTER_SECRET 744e14da3561b5154b6a6058143617151d02ddbf52b8cb646d9ce113471a40b9 8315ea2fa9fb7137df00951a1141f93b86f8035b8cf846b14ebfeb8e2e5857599bf0164f60a2ca567f2abe63c1afe879
SERVER_TRAFFIC_SECRET_0 744e14da3561b5154b6a6058143617151d02ddbf52b8cb646d9ce113471a40b9 d023c2dab042ad3dd88e0d3b8a3b444520de67988d4e76fe1b8b6eb9ec23498285a88243daae4084d8e64763b6bb7fd8
CLIENT_HANDSHAKE_TRAFFIC_SECRET 744e14da3561b5154b6a6058143617151d02ddbf52b8cb646d9ce113471a40b9 ab4943aa36d2c683384a92848481f67ec627fa1ddb19254c1768f0975be546eaf6c51a593c71d9c70774120feabcbf27
CLIENT_TRAFFIC_SECRET_0 744e14da3561b5154b6a6058143617151d02ddbf52b8cb646d9ce113471a40b9 d65c1567d8283af49a01f567b3d4f5ee80357aa6ed3115ce84f67ccab0a4abd6847221185b071b68a61a1c36acfa57d7
SERVER_HANDSHAKE_TRAFFIC_SECRET a15f256755753b8d62e1984bfe85caa0298b1f047a7c65c7da5690083b6575c9 34a62314542bc61cc83510b4940efe3a57fe4fe83bec6672f6312fba22a2db82f86f5b5f27f451302c8c91fd77a9ff99
EXPORTER_SECRET a15f256755753b8d62e1984bfe85caa0298b1f047a7c65c7da5690083b6575c9 94612fada2e1009315408db81293eee70562e3e144e85bbc17bb166d06acca8fb9c5224bdef31760c9f9e3eee301d21a
SERVER_TRAFFIC_SECRET_0 a15f256755753b8d62e1984bfe85caa0298b1f047a7c65c7da5690083b6575c9 6b7898552cc5f88a47aecaa8d57efa2e9793088566f9d3a0acbea6007e2046d9a542b67b0af65205d8db3cb537946085
CLIENT_HANDSHAKE_TRAFFIC_SECRET a15f256755753b8d62e1984bfe85caa0298b1f047a7c65c7da5690083b6575c9 291f5e34795853af02ca542ca8d23ffd27b8a41765dc429e6b456b89b9af1efadddc9125dc22382d65ec7b96a6095162
CLIENT_TRAFFIC_SECRET_0 a15f256755753b8d62e1984bfe85caa0298b1f047a7c65c7da5690083b6575c9 437684329620fe01061b4e9c6ee892c98fb0622dd3a6bcd046b1b02b519aa6e01697c1e3c17b540170c5d57c9fd6934d
SERVER_HANDSHAKE_TRAFFIC_SECRET 72a64cceb6964f2a2ebc01930465ea3d9cee48d0ca12d66516523f38fbb098cf 2519d8881e7addb04846d34e230bfa664448959a5f30d37350c346256c9eef4afe2ab884f81d1b3c36714ecd5632cc76
EXPORTER_SECRET 72a64cceb6964f2a2ebc01930465ea3d9cee48d0ca12d66516523f38fbb098cf 94c5662dd1777c1fce5ca06ac67b61d54e1a8e92dbd2d07e8b7bd9c4ab4c71d5e602a6a811f482a668c0ed23fdbb95e3
SERVER_TRAFFIC_SECRET_0 72a64cceb6964f2a2ebc01930465ea3d9cee48d0ca12d66516523f38fbb098cf 1bc3c3f4d502bc135df13f803c32a0378fa1bb88fbcb85ffafd590c138a30422663de411d2beff7e8e5d2319c1f7705d
CLIENT_HANDSHAKE_TRAFFIC_SECRET 72a64cceb6964f2a2ebc01930465ea3d9cee48d0ca12d66516523f38fbb098cf 86c8faf05329cbd591c0cb8073e44769dfe3595898e92bcf3bda7bdbfbc270f173fe32ef5216891d52cfeed2c73f6324
CLIENT_TRAFFIC_SECRET_0 72a64cceb6964f2a2ebc01930465ea3d9cee48d0ca12d66516523f38fbb098cf 84ecd5459a74a1db50d5dab93f0aa0c85d45372cb2206a4f9db3ef73032e10b13a89357a1379fd6a1df975f23d068b41
SERVER_HANDSHAKE_TRAFFIC_SECRET 864d991b95dbacebc03a7bd8eec96b59e3303178b472c689cb565920d5cd834c a3f54afea0d938a51a429bb2aa24c7a8777be286d0620ed5ab76b301d8ee44254518c7a009a3b89a3dbe64e2e41bb9ec
EXPORTER_SECRET 864d991b95dbacebc03a7bd8eec96b59e3303178b472c689cb565920d5cd834c f3efdbd6368e9e3b9c79b25e3eb4b2a10f03826712f7dda9fde23a23f26f7b35765909012ab74387527bc0bc25d18d76
SERVER_TRAFFIC_SECRET_0 864d991b95dbacebc03a7bd8eec96b59e3303178b472c689cb565920d5cd834c 6ee53164fdb33895bfb269b7757e6b511174a30c08e2a566a4526216a4b70ff45b6710fe816b29b231b570c042a0875a
CLIENT_HANDSHAKE_TRAFFIC_SECRET 864d991b95dbacebc03a7bd8eec96b59e3303178b472c689cb565920d5cd834c 9c907d588227a92e22701c49f5d14e18351f47f618b96eb4cf5a914a17d7ccffc86339cf3e06772f44ddc72902e55989
CLIENT_TRAFFIC_SECRET_0 864d991b95dbacebc03a7bd8eec96b59e3303178b472c689cb565920d5cd834c 0731bc4e18c78542e8fcf2ffd5ab7f29dd4f0047fca10b415587561322c38d07d2f60e6807de92b323e9a8ce440ee362
SERVER_HANDSHAKE_TRAFFIC_SECRET e342a9636007510deab416d4236349ad2f60fc3b8324a0fd9c5dab28b8099193 267202e615ddf8d9fb420b5a6fd29d8e29f7886b6053f5ed714d79b2e3c07a9eb1afd1a3cb2f3e9d4b7e02bf742211ff
EXPORTER_SECRET e342a9636007510deab416d4236349ad2f60fc3b8324a0fd9c5dab28b8099193 b8fa362a9a1bc7de10895358f6b384f2f38231164acf0cb32bfe9a17c605466ce014753374f53793e22c00e116afd6bb
SERVER_TRAFFIC_SECRET_0 e342a9636007510deab416d4236349ad2f60fc3b8324a0fd9c5dab28b8099193 605b2205b9e80c4088b22c7644d09e0edcc736ae31677f1464cdf0495da078cadd4b66f0b387ce43fd75f7f172528102
CLIENT_HANDSHAKE_TRAFFIC_SECRET e342a9636007510deab416d4236349ad2f60fc3b8324a0fd9c5dab28b8099193 edb1bc077dc7adb20439877abdfbc7c558f19d5137818e932dcb2f668afab5af4857d93598994504e2d2a5e4189f4625
CLIENT_TRAFFIC_SECRET_0 e342a9636007510deab416d4236349ad2f60fc3b8324a0fd9c5dab28b8099193 271664e2af8ba9acb3f6f4a1324f7c8ba59642349859cf5b94bd6e79d94ed6f10f4973b6e431917fe1239eac047ef031
SERVER_HANDSHAKE_TRAFFIC_SECRET aa3e758a35ec0f411587309732b0150839c1f33a45ce1e5f1ad9f6b13570f310 bc44739f73b5c039edfbe1d71906dfb42a54757c604ae595bc5d3016bb4bf71ce79385afdc9ab78fb92c5f0cfa125c07
EXPORTER_SECRET aa3e758a35ec0f411587309732b0150839c1f33a45ce1e5f1ad9f6b13570f310 29ec7e6c7b307f7b9ac4d37d4cfd9713d7d511b461fec6972d72b7bf4da51d3b3a3113833147f8bc163f1ab868f16934
SERVER_TRAFFIC_SECRET_0 aa3e758a35ec0f411587309732b0150839c1f33a45ce1e5f1ad9f6b13570f310 006b7b81b26cb4a07f2411b754bddd4d9846092f797fc574b0b288ebf834a8c74666c6bab3cdb845bf8a82aab09aaba2
CLIENT_HANDSHAKE_TRAFFIC_SECRET aa3e758a35ec0f411587309732b0150839c1f33a45ce1e5f1ad9f6b13570f310 83a8bc0d5d8af1ac5ab7ffcae0224e9ba54039f3b72411f49a247df8f8fab76f18021b2e0e6d5f40d3c317a5b9111f37
CLIENT_TRAFFIC_SECRET_0 aa3e758a35ec0f411587309732b0150839c1f33a45ce1e5f1ad9f6b13570f310 0738b2d3aa8574aa39209b5baad0bf135900c60ff47be010061410a0e6c2b94c9fbfe63c9c84e956a66ea2c37ef2e6f9
SERVER_HANDSHAKE_TRAFFIC_SECRET 0a760b613b974ff0165ca33a6348cfb0360e8a0dc39efcdcde08d9195b981e50 197fcedcb927fe300e10d9f8fabb4cbcdac2c868d7da531f4208c837d91b6a12a9f878fcec4d2ae8ca74799c78f14a74
EXPORTER_SECRET 0a760b613b974ff0165ca33a6348cfb0360e8a0dc39efcdcde08d9195b981e50 4b085c2227999a9e379dbef30814b0ee85135cc7c1dcaacab3aeb2c13953c415ab7967545aa4c5e1d2c77426cc727dca
SERVER_TRAFFIC_SECRET_0 0a760b613b974ff0165ca33a6348cfb0360e8a0dc39efcdcde08d9195b981e50 0d4f065ceb10439880a603606f7a202a4f9521846b73c3df21bad91448c000bc5b53d657c147014a2bb6ed88d5e28437
CLIENT_HANDSHAKE_TRAFFIC_SECRET 0a760b613b974ff0165ca33a6348cfb0360e8a0dc39efcdcde08d9195b981e50 6c579c5ad5f461d9d0cdf631b1b0844e4c4c1440ad6d46323ba4d6552e10573963ef350796f5f262a3acb1b36c6c3418
CLIENT_TRAFFIC_SECRET_0 0a760b613b974ff0165ca33a6348cfb0360e8a0dc39efcdcde08d9195b981e50 8e400163014ae76d2d17f250306fdce80b636e16cb788db2034736cd5302704df35db2c7d6a9fe41bc28cf822cc72bc3
SERVER_HANDSHAKE_TRAFFIC_SECRET 8c49bdcff17b571e10eccd002afcaad339ee98670753db4f11d323c2ee1ca922 a6c2c18e620a1dc87632b7fe2dcd7f985341b59edfea1aeb487853c2ba885dc378acc5e09d6717c24a395c94e0bc5fd7
EXPORTER_SECRET 8c49bdcff17b571e10eccd002afcaad339ee98670753db4f11d323c2ee1ca922 a905e51b79934358c1cfdde9cb4a2515cb40385a05de9f0bb817177525ba56720c780f803a0e5080352653bb9e1250e8
SERVER_TRAFFIC_SECRET_0 8c49bdcff17b571e10eccd002afcaad339ee98670753db4f11d323c2ee1ca922 49accb1fd1d0f8f38fee0046d74b12f86ac13e1707a5fb7c96b554e430fcba11ed5c1dd4367e65eabb460b41cc58a2c4
CLIENT_HANDSHAKE_TRAFFIC_SECRET 8c49bdcff17b571e10eccd002afcaad339ee98670753db4f11d323c2ee1ca922 cab6364488a9e74f42d326d4277a4dba5814577a284be26f263493800bb18e85f454b36b5f958f38780638c0e3c84c07
CLIENT_TRAFFIC_SECRET_0 8c49bdcff17b571e10eccd002afcaad339ee98670753db4f11d323c2ee1ca922 1a3fcbeecf316ad59c42546014a496e3aead2b8fd4e2f64f041db9e5200163cdc2d74b8cc00c830e2071b389cb3a1517
SERVER_HANDSHAKE_TRAFFIC_SECRET 93d2d35be4cb77ea19aec45789e5257145641105dfb8c2363d4712d1c44dcd68 37a9df94adda75a0ae8ba03284b0f8134cd86b378e1c10db4fe5d56cef69541e9493bae02273aad820cc4500f7e0c395
EXPORTER_SECRET 93d2d35be4cb77ea19aec45789e5257145641105dfb8c2363d4712d1c44dcd68 60a329d40f7bebe5dcd203b1b3a65c3b86b3a0d4350c79e20637061337d967200c2116128d7028bf6ed98b9fea713216
SERVER_TRAFFIC_SECRET_0 93d2d35be4cb77ea19aec45789e5257145641105dfb8c2363d4712d1c44dcd68 7ce65c364152012ebd3b7d0c3ea19d07c0f190c18df02ce3434df9bd68b67ccce61cb06cafef8addf449f5e662302ee8
CLIENT_HANDSHAKE_TRAFFIC_SECRET 93d2d35be4cb77ea19aec45789e5257145641105dfb8c2363d4712d1c44dcd68 79af31f543ad5d15125ccb9099d58894d67c960d603be67052db1dbc09e22b9e2bdba158502f99ec70a979dcf7d3719f
CLIENT_TRAFFIC_SECRET_0 93d2d35be4cb77ea19aec45789e5257145641105dfb8c2363d4712d1c44dcd68 962fd12dd7bfd305337dca1f36517662caf62ae866b9724b76b999d272f803a26f781477387bc3bc9b19e2ae1d50492d
SERVER_HANDSHAKE_TRAFFIC_SECRET 695ca21008d760633d82d9d7e9c059d522ec18ad1799c05a54142772b2aab111 822b8a58cdca24360131d5a2d8c56488ace2a9d9328cfd0be19fdedc0ee6cadda53a74bff72bcecd23ec9495368c27c5
EXPORTER_SECRET 695ca21008d760633d82d9d7e9c059d522ec18ad1799c05a54142772b2aab111 c87f25856b1811372eb57fd306908cc37006138c62e72a15c215c5528ec77375321e886e028155931c7390c0a2f3ad98
SERVER_TRAFFIC_SECRET_0 695ca21008d760633d82d9d7e9c059d522ec18ad1799c05a54142772b2aab111 925b0c572ec6ddad8ac164fccdf37811c12b6cc5ab77e45cfbac5c0e171d6f647510499d78e83fc2a4145bf0a7eec018
CLIENT_HANDSHAKE_TRAFFIC_SECRET 695ca21008d760633d82d9d7e9c059d522ec18ad1799c05a54142772b2aab111 133f2213a095ceef7fd9a64702332661953c1f72d73ae8f2a594e4217d5abf9b9f497dff40af5f93914493a73afff9d2
CLIENT_TRAFFIC_SECRET_0 695ca21008d760633d82d9d7e9c059d522ec18ad1799c05a54142772b2aab111 250a6bdb823994ffdb85705155ad78a833808c779130b15a05f9e5ce06bec3b68ca6340dcbdbd7bf27b77aa76c3ea87d
SERVER_HANDSHAKE_TRAFFIC_SECRET 0e988174b91fac17b7657378b68e4dc1548285db6974477a3b83f01ad3e2ce44 d559849e69e038302a4a8a19129ddf2a6db4279980c70214ad9e69e3d69b4952bd9658e0ae109c16853bddffe23570e6
EXPORTER_SECRET 0e988174b91fac17b7657378b68e4dc1548285db6974477a3b83f01ad3e2ce44 1a7a940270a3d95869bb114fd82e84454a6979abd48405e0f5576c5e738de767c90f74e404c05abb88aca2b500d123a1
SERVER_TRAFFIC_SECRET_0 0e988174b91fac17b7657378b68e4dc1548285db6974477a3b83f01ad3e2ce44 d29cb182960858d45553d3f8d6e39ac55e966896fac41b5877edb0119607d3c25761ce21f3783758ddc621cb603156bf
CLIENT_HANDSHAKE_TRAFFIC_SECRET 0e988174b91fac17b7657378b68e4dc1548285db6974477a3b83f01ad3e2ce44 da50fe970db3e2c62f040f2f2309830d17f834146aeab9fd3db2b2f42a75307b1c62613f4d32734106063552bfd39066
CLIENT_TRAFFIC_SECRET_0 0e988174b91fac17b7657378b68e4dc1548285db6974477a3b83f01ad3e2ce44 c43a9be0d8a325f14f350275e1a89f315f5afdea44e5bc12e1cfbec2d4d9a373737a1e49951d733ca766d58fa5d7418b
SERVER_HANDSHAKE_TRAFFIC_SECRET 93a4121ed7188a049dfc6ccea8de99d2ffdebacf422265d5ef91dd7e13ab359c 26253d71f4dec7333ba659a471a30237ca543e44bb4b04310833677ee8e552b0cf1b3ffa84ef59d9efe4150c85ff0265
EXPORTER_SECRET 93a4121ed7188a049dfc6ccea8de99d2ffdebacf422265d5ef91dd7e13ab359c a3e54be7a215338f09fa0a9ea31616c5b2ae33084dfc573522c2305190d94242d19ef0ee656e52114c3d1472b4182192
SERVER_TRAFFIC_SECRET_0 93a4121ed7188a049dfc6ccea8de99d2ffdebacf422265d5ef91dd7e13ab359c 891f37d26d58080f249f772043dd4f3f3b6be02361d98a9186072234b7b8afb6641c83c68911821e16395b888f22efa6
CLIENT_HANDSHAKE_TRAFFIC_SECRET 93a4121ed7188a049dfc6ccea8de99d2ffdebacf422265d5ef91dd7e13ab359c 2ef61deb57c2a568c2084eaf63890ad924bf5ebda99d6cc80c5ceb748a2b16768b0b55f093d0bf0bfafc4847f2a9243a
CLIENT_TRAFFIC_SECRET_0 93a4121ed7188a049dfc6ccea8de99d2ffdebacf422265d5ef91dd7e13ab359c 0d132b582fe55b11705b712a5b1975544f6eb7aed3688e3fd18283f04bd7585be7231c35fac5d41fc7c7b845a2fa3efc
SERVER_HANDSHAKE_TRAFFIC_SECRET 2bbd92d5d96946bfbd5a040a28344b75800c9feedad05bc338e14d7b9a831393 ccbe0fd55614981c239e3d505ca886ecf8749444ef6cbcab0acf8abfb9434cad8762e4983ec58f1fd736860526cab79a
EXPORTER_SECRET 2bbd92d5d96946bfbd5a040a28344b75800c9feedad05bc338e14d7b9a831393 b3e21dcd04b0e360967f7dfda9f810d3efc91d982b23f98c0e6bf88d4278e46a831dc6eea0401efa3d090af5215b5142
SERVER_TRAFFIC_SECRET_0 2bbd92d5d96946bfbd5a040a28344b75800c9feedad05bc338e14d7b9a831393 6a0baabac2b5707252f8d1390de32e57aff9bd8fc586375faf4368986930db7587771a96a46f0771933931fe009bafeb
CLIENT_HANDSHAKE_TRAFFIC_SECRET 2bbd92d5d96946bfbd5a040a28344b75800c9feedad05bc338e14d7b9a831393 5c5124443f257df0f2c5e392f5596839014610fa4638a55f73098367472d26931f9c2d1877c6e5b9a95669c87564d826
CLIENT_TRAFFIC_SECRET_0 2bbd92d5d96946bfbd5a040a28344b75800c9feedad05bc338e14d7b9a831393 3dff0b11dd46bae8aefb9666fa5a6f4576cda5c36b2242f3ad5c281f8399dd21a959c781728bd29e96e98dac95eb511f
SERVER_HANDSHAKE_TRAFFIC_SECRET 1fb5459757b341c2a2718bc0f26064b163fc7533276239e1a8f23531e84b384b 8b1e09f95a20668ce044e526b99d3ad814bddc4acd3224db092577223935f2a47348a7e2fa5147f464bc274bf40352c7
EXPORTER_SECRET 1fb5459757b341c2a2718bc0f26064b163fc7533276239e1a8f23531e84b384b be691bde7f47dc89ef8ecab730871cc63246ee382a19b3616737bde113e641f1eee68558f620fd69f71e9c7aca73dca6
SERVER_TRAFFIC_SECRET_0 1fb5459757b341c2a2718bc0f26064b163fc7533276239e1a8f23531e84b384b 639d26792e4d9c7008707237b9bf998234e220a9081bbd0cfb1bfd33aac91afd0b1cd8cec2f495b6f46dc184c6d9d3bd
CLIENT_HANDSHAKE_TRAFFIC_SECRET 1fb5459757b341c2a2718bc0f26064b163fc7533276239e1a8f23531e84b384b 0f6bbf87f81d2986019e022e297f475c1e37beef698bf8fed5fbbf7cf25675937108b051475ba2f677818d91a6e39b80
CLIENT_TRAFFIC_SECRET_0 1fb5459757b341c2a2718bc0f26064b163fc7533276239e1a8f23531e84b384b 2cfbee6062b07d022a69ebdb24382a7014bffa2c129a999ffc17693c92f396a171df270a20c00bd78facc6ae54f9835a
SERVER_HANDSHAKE_TRAFFIC_SECRET b2d2b25c323f6326353ab40d65734ef395ff48e06948e9144ef6e7f14035a217 e289a0e710c15ecbb0f07e417ff593b50f5afda5c2541c028ece7689a38f8702977c1cc21a7a05b4de03998e031cc470
EXPORTER_SECRET b2d2b25c323f6326353ab40d65734ef395ff48e06948e9144ef6e7f14035a217 d2f8ad40004bf8d1a8ecd88f0d9dd7487a6750cf06de865d932e9a9f1952c5d2905d6a2a614af4897c8caf9891138352
SERVER_TRAFFIC_SECRET_0 b2d2b25c323f6326353ab40d65734ef395ff48e06948e9144ef6e7f14035a217 c2df614b4f8db183b5c9b89b15a40bb3f16e8301adc903baf2a5aff2a1d8edadf530d046219806eb3b74af20d3e9d9a4
CLIENT_HANDSHAKE_TRAFFIC_SECRET b2d2b25c323f6326353ab40d65734ef395ff48e06948e9144ef6e7f14035a217 5b347228a3299d09e4acd6872ffa7a452f2683413d565d3a52b30cb73982714c25358ce03521e2a57ad7686c10a9f858
CLIENT_TRAFFIC_SECRET_0 b2d2b25c323f6326353ab40d65734ef395ff48e06948e9144ef6e7f14035a217 e772dd7222a87289d82ceb75fbd7417f1141d66f712736d15671c84e46e6820a794d1c59dcc9033e0cc5ac787870649b
SERVER_HANDSHAKE_TRAFFIC_SECRET 12baba5b40225eda992a39d673202fe19bdfb937fb375ef0a7a4a5776843280a 977794c71bcb71b0472259de550707b3af739853bbda5b7efadbc4386b57fc2bfff31546aaa8d04a20dbec725d3843c5
EXPORTER_SECRET 12baba5b40225eda992a39d673202fe19bdfb937fb375ef0a7a4a5776843280a 5efebb117236ecb3c80ff4ead2eebde1c32d96fee5fdaf9d78c8549aa32929e6bc303a3f44fdd8b4be64e63c215c4744
SERVER_TRAFFIC_SECRET_0 12baba5b40225eda992a39d673202fe19bdfb937fb375ef0a7a4a5776843280a 98dc8fd875c0160fdd5e17f3d9484d0e5f87c0d99656769ef6bd51363567b4a81ad6bfda35770a8bdc3bb24971f1368a
CLIENT_HANDSHAKE_TRAFFIC_SECRET 12baba5b40225eda992a39d673202fe19bdfb937fb375ef0a7a4a5776843280a 10b7bc33902c0d1d5d864f585227484d4f2dc4d569060f8986d447e95e77fe184e102b79487f4a81dcc557879b01e86b
CLIENT_TRAFFIC_SECRET_0 12baba5b40225eda992a39d673202fe19bdfb937fb375ef0a7a4a5776843280a d00d9fde932e2b840adfa9acdea4030be5cb490e8a8150c6f8c99909cab94a229e61c338bb34d4a06cbddcb092db4764
SERVER_HANDSHAKE_TRAFFIC_SECRET 5c27cb6dd62cb7599c6aa2144b56cb46b82864406539ee3ef28436f7e8c7632d f49d030d13d55c6c4ebd34891b079e65209f831ea8859b251c78156bcc1b5b6c4a481019042a263c7ae583f0c8f95367
EXPORTER_SECRET 5c27cb6dd62cb7599c6aa2144b56cb46b82864406539ee3ef28436f7e8c7632d 6bba534941e3843ac9e76580c9d71312249864136cbcdabdbdaa5aa322ed6f9dc239511232c4c4ed409bdcba2cca6d9d
SERVER_TRAFFIC_SECRET_0 5c27cb6dd62cb7599c6aa2144b56cb46b82864406539ee3ef28436f7e8c7632d a6e03dd5ff05519cad759e89e055cc98813a7ec744fe3f00230a8630ad5da825c8d7539c660223db3aef4423729027c3
CLIENT_HANDSHAKE_TRAFFIC_SECRET 5c27cb6dd62cb7599c6aa2144b56cb46b82864406539ee3ef28436f7e8c7632d 77df0bbad1e0349cfcaf22e00bfd07c8df4dbe67d82afe23d5c0ef548fa2a2356317d911836ecccc394194898ffcb5cc
CLIENT_TRAFFIC_SECRET_0 5c27cb6dd62cb7599c6aa2144b56cb46b82864406539ee3ef28436f7e8c7632d 9f28871d14bfeab4a5fb8b82d351d8cc96d6de737a851c09113c1b6d04dcb43e3b1249fa3698d678d672f0b26d8a6a24
SERVER_HANDSHAKE_TRAFFIC_SECRET 455cc0b86a36b764eebdd80aa11aa56bb210df6dc4452154f061cf89393876f2 5820672ed3796fe30fa2ea81d5370deaecfcfe1597bd776d0c631120632e2e03d3c1a4d535aac09e2815e77b019847d5
EXPORTER_SECRET 455cc0b86a36b764eebdd80aa11aa56bb210df6dc4452154f061cf89393876f2 a9cb291d6a00289b638242b5ea9fce1af5b5b291d49b9e8323385ad317195987b5c95a2e5edbc7f6d78091b3d9523f78
SERVER_TRAFFIC_SECRET_0 455cc0b86a36b764eebdd80aa11aa56bb210df6dc4452154f061cf89393876f2 2442a8e36f65a34e8b020edf9d72026a06e0fce045bec140951bb6c00f8a5acf0e8dfb3bce4198e13556b1d470c3d786
CLIENT_HANDSHAKE_TRAFFIC_SECRET 455cc0b86a36b764eebdd80aa11aa56bb210df6dc4452154f061cf89393876f2 daacc6653006cbe1043fc4cff63985964719e4d81d82a08dd5b4e8764de315e3a81588f20e4805b0d0c431b8ad7b3ed3
CLIENT_TRAFFIC_SECRET_0 455cc0b86a36b764eebdd80aa11aa56bb210df6dc4452154f061cf89393876f2 bcad058b773dba3466d2f2007c7e01fe18ded0aabfaecb5ca313c8e868cecaa776bbe9b99adf21693dd142ab8d9c9a19
SERVER_HANDSHAKE_TRAFFIC_SECRET 49a8a2073902380e46740b9d1e2c22e084b4d5ce915f8c024dd8d263c45b4f9a 26e38721b926d2250feaa31ffc208ce0d0b819a23d0c6c8a66ddc4aa4dc63f5fd4dbd7916b0cfe862a4477afbf80dc71
EXPORTER_SECRET 49a8a2073902380e46740b9d1e2c22e084b4d5ce915f8c024dd8d263c45b4f9a 49223ae38d715486c08f89df4a93fbe4a3a91ddcfb68fc339039dc5205c9de63b7ca80133fd92bf6f7bd110ade744197
SERVER_TRAFFIC_SECRET_0 49a8a2073902380e46740b9d1e2c22e084b4d5ce915f8c024dd8d263c45b4f9a af7085e89d75e71bb33ee87fb61aa0824e531f82cc63f0004192e6a59b5e83ee81ab8bc8996871a7df3c4da4dd15b824
CLIENT_HANDSHAKE_TRAFFIC_SECRET 49a8a2073902380e46740b9d1e2c22e084b4d5ce915f8c024dd8d263c45b4f9a da044abe1164162f48733698ed39af048ecb8d6b13b0e978fcec9572c4659355c0df1521fb9b63dacb92e3d3c6f9469b
CLIENT_TRAFFIC_SECRET_0 49a8a2073902380e46740b9d1e2c22e084b4d5ce915f8c024dd8d263c45b4f9a f13337aac2ed26aaf83a5d6e29b3b5a4c882b1bb4c89ebb55a81c850b080891aad8f8359697ebe6ff7b2ad71037081b5
SERVER_HANDSHAKE_TRAFFIC_SECRET bc62304ed7ed7533bd3907ede35b5ccfa448dec80b2e7c202588e03b4a080cbc 16779ad541490baef961b0d6bafdc80bcc2322344ecb817d7efa9a585a650825b62b0bfdfcfa6582153b35f444a35a9b
EXPORTER_SECRET bc62304ed7ed7533bd3907ede35b5ccfa448dec80b2e7c202588e03b4a080cbc 4c5443a6614f003ce8e37350d7822c6f72e3fb2a74c405b6899d488cbd486b7c4107734d4059d0af6e3dfdf60b113cbf
SERVER_TRAFFIC_SECRET_0 bc62304ed7ed7533bd3907ede35b5ccfa448dec80b2e7c202588e03b4a080cbc 22a2be01d4e078b6340be5775b0a1ca544abc180b0acb2940f11ceefd3495f2f6b5a0c29bbc3639966a5448a6b2695a4
CLIENT_HANDSHAKE_TRAFFIC_SECRET bc62304ed7ed7533bd3907ede35b5ccfa448dec80b2e7c202588e03b4a080cbc d721c27e4475cc09b9615ccb1a9571a44133f25e386fbf6eb34e05dec1aa6f1673865c31e196d7f2b37852a7a2d5ce3f
CLIENT_TRAFFIC_SECRET_0 bc62304ed7ed7533bd3907ede35b5ccfa448dec80b2e7c202588e03b4a080cbc f4eba34fd94b945965c80e4d965039a4d031dba19cc36abd3996e201dc7df9319d402ae00f9c369c348f5fbfde424e5c
SERVER_HANDSHAKE_TRAFFIC_SECRET 6afbab2223a8ec5482128493cc4a024c9ec2744e596457cca10b56c432f94ba5 2793674077068dc1e44c85ef24f8bf34125529f05221544fe3511d5421fe7accf967a5dfe87036f9ec2cc811c5150e42
EXPORTER_SECRET 6afbab2223a8ec5482128493cc4a024c9ec2744e596457cca10b56c432f94ba5 43e971111ce0c8696e7cadd1d3c81a02979deeffb772812d9d2b1f3ecb78f6f1e6627efbc2eb377b9ed336f3f2421640
SERVER_TRAFFIC_SECRET_0 6afbab2223a8ec5482128493cc4a024c9ec2744e596457cca10b56c432f94ba5 2e337df47c6f90ff96ba99ade820a5c5198e39e86c01dd0991d76d9a30b4ba1a16834dbcda9f22e423ef9f7b0a625ebc
CLIENT_HANDSHAKE_TRAFFIC_SECRET 6afbab2223a8ec5482128493cc4a024c9ec2744e596457cca10b56c432f94ba5 7050dcc2d7cb5b14fdde159cacbcdd0c2c1c0e41ace1a122295ef46c9dd21e0ccb57ffb983888fae46bf72b1657fa517
CLIENT_TRAFFIC_SECRET_0 6afbab2223a8ec5482128493cc4a024c9ec2744e596457cca10b56c432f94ba5 018fb4176500ec844c3b4c78867627371fe692ef3471ddc294b68267a616fc28ba1b94a7518ff230eb3691bd170bed49
SERVER_HANDSHAKE_TRAFFIC_SECRET 3247341343f299b57ab4511842708d12be2735033d1287b951929c1dd5b1b406 a08b8a1b3659bd49f2cd45350008688fb4e6f2216f7197d0b86ce37c549501e186f614359b723e9bec500f430af7ea26
EXPORTER_SECRET 3247341343f299b57ab4511842708d12be2735033d1287b951929c1dd5b1b406 e90616b876fe3efd834ed2875cbab1b4eabe866ba39619107fa530c72da5d519935323b63e4d28dabf1a6019eed4de1c
SERVER_TRAFFIC_SECRET_0 3247341343f299b57ab4511842708d12be2735033d1287b951929c1dd5b1b406 11fd8efc0dc8c03214fd79b62e506a4a35ead157fa33784310101bc23bbecc16d36b16ed72203e29095ba6b161c9f5dd
CLIENT_HANDSHAKE_TRAFFIC_SECRET 3247341343f299b57ab4511842708d12be2735033d1287b951929c1dd5b1b406 d71ea4bfca69a875aee2e9e52382129eaa43ebdfac3cbbd72c8635ef088b00f36c10a97fe540012d79fd778f9d2f01c2
CLIENT_TRAFFIC_SECRET_0 3247341343f299b57ab4511842708d12be2735033d1287b951929c1dd5b1b406 98ca61dd5d761d910cc86c21276b26ff17b24ba8a34d5ed1916ce37f457889bac54911e9aaad3e9e96c7b1bfbfa69c14
SERVER_HANDSHAKE_TRAFFIC_SECRET 49f60c513dab179ebd47829eda03aafb3ba4bf783f30b260b0a6ef6060ccc864 ae3b8c15597717efeb4cbea34285b8f4af685eeb6a86cc2c8e7b5245cb848c8f6ff15ba349b3ec8f0e48d16bc79e2753
EXPORTER_SECRET 49f60c513dab179ebd47829eda03aafb3ba4bf783f30b260b0a6ef6060ccc864 4fd667b4bfb6808119afa5a995e3224c098270fc9d96eb1915ebadba5b907b8f79e7af5b592a6e6843bdf0ff3034cae4
SERVER_TRAFFIC_SECRET_0 49f60c513dab179ebd47829eda03aafb3ba4bf783f30b260b0a6ef6060ccc864 b4d2909e5b38417afd2f85a63105acb313a8c1938b52ffd15ad915326bb59b0fc4881e64a73276c35c1a5975e977e361
CLIENT_HANDSHAKE_TRAFFIC_SECRET 49f60c513dab179ebd47829eda03aafb3ba4bf783f30b260b0a6ef6060ccc864 ac6c512110620c9dfb6a397761eed3fcc0313623ded04fcb03e066d0205e13e3370d35b2aca3ef3261f44111ab767dd4
CLIENT_TRAFFIC_SECRET_0 49f60c513dab179ebd47829eda03aafb3ba4bf783f30b260b0a6ef6060ccc864 e3b0c1e17aa8758ff10fa4a2f1242512d8dc8e423f0625f4076fc1364f420e0e96775183e101db15c942e8831d247937
SERVER_HANDSHAKE_TRAFFIC_SECRET db2f5348f7b7ff6be2beef619a8d939fdc8fc051a34c4f360d216ca0c992c9bb c4ae00395350528571a2073478be25b7e158cbf01374396d0991373e3ff64d60afaa6a256e389f73f477b38f5161f1be
EXPORTER_SECRET db2f5348f7b7ff6be2beef619a8d939fdc8fc051a34c4f360d216ca0c992c9bb 281e1bdc1e13ca3e1adc1798fc96cdce142f1c3f8893c205f0343ccdbbdc747b87455dfc96173a1b0fceab1b00b6d4b4
SERVER_TRAFFIC_SECRET_0 db2f5348f7b7ff6be2beef619a8d939fdc8fc051a34c4f360d216ca0c992c9bb 9d09369b6a731d9ff5089b76ae7b92aaef7401fc99cc7c66dcbd5e46a44db269e99c6b57d8793110532792c28562e624
CLIENT_HANDSHAKE_TRAFFIC_SECRET db2f5348f7b7ff6be2beef619a8d939fdc8fc051a34c4f360d216ca0c992c9bb 0db7e11e2d77dbea37cbc26004b65e63656dbfb49158246cfd4f8798b5048aa10ae7a524a085d47ccfc332fdeb8e924b
CLIENT_TRAFFIC_SECRET_0 db2f5348f7b7ff6be2beef619a8d939fdc8fc051a34c4f360d216ca0c992c9bb 0c5c5eba9fa5118071bb058f415645bbe04195a4c958d4b132a1bf5ca2cc9770f7060ca990e78dff54cfa233416dfae9
SERVER_HANDSHAKE_TRAFFIC_SECRET 4139c002675988ca9185ec894f4012503bb3c52998160c2313786c4f0a4ba64d 31c7f9a305a791c99d69b89326f168546ed25e4a46db042d93f5252dde0391ef56be67990ae1ed96422c343494974bf7
EXPORTER_SECRET 4139c002675988ca9185ec894f4012503bb3c52998160c2313786c4f0a4ba64d 0a55e5c1d0c75d020f839dd5069cfd051cc9d4c7866dd733eece520554b8d382bd7e3c6e771fb2e0d3f97a38303a6e2c
SERVER_TRAFFIC_SECRET_0 4139c002675988ca9185ec894f4012503bb3c52998160c2313786c4f0a4ba64d 795634b7ea565a6798601e320b62ca79cd5dd799e04e7252a33865afd96bd8c560728b3fa154ce56fe0cdda225f141c6
CLIENT_HANDSHAKE_TRAFFIC_SECRET 4139c002675988ca9185ec894f4012503bb3c52998160c2313786c4f0a4ba64d b7d544263cb7a81d58127942fcae2cb70898efc3fb5705d8c94427b2f830344535c220e5ed4a4faf6ec5848d831bb2a0
CLIENT_TRAFFIC_SECRET_0 4139c002675988ca9185ec894f4012503bb3c52998160c2313786c4f0a4ba64d 934c970c078f59ab6d994fe1ff2bf04e8a88b740a88c80bc3da62e72388d282f1e575e9c902283a9d0cc1f3ef360cf9c
SERVER_HANDSHAKE_TRAFFIC_SECRET 3f4d7f4480fa5ad6f949788c8ae5b34b606d86f108b8bdcb370d59e1c25682e3 689b0d31a4bff7a166e20503575aef252edd69d5a7248c8a6929d94531a02800fb9efca74e656f2a11192abf04749642
EXPORTER_SECRET 3f4d7f4480fa5ad6f949788c8ae5b34b606d86f108b8bdcb370d59e1c25682e3 3b72891ea61fe2f02c36e20b96b671a5ce95df0e6365b9b1bf7d89e6ccd2e44aa39b2556074cc7c94446dcd89958a7b1
SERVER_TRAFFIC_SECRET_0 3f4d7f4480fa5ad6f949788c8ae5b34b606d86f108b8bdcb370d59e1c25682e3 825dd004a0528a35c1fe794eb641f0630e4ac999e517944382a4e3a30a81a6edd174d6dbfd1b846b8ca0e6684cc39948
CLIENT_HANDSHAKE_TRAFFIC_SECRET 3f4d7f4480fa5ad6f949788c8ae5b34b606d86f108b8bdcb370d59e1c25682e3 1101272b69057d73ded3783f48fea4c9ee13b0b45e4cb8297f2e8ea1267f351e96d2ea226030cebd6b07826595c16a74
CLIENT_TRAFFIC_SECRET_0 3f4d7f4480fa5ad6f949788c8ae5b34b606d86f108b8bdcb370d59e1c25682e3 d493d3da390b27fa31ce45decd3656c65d5a5ae6a1f41a24e9047a3e43b13ac88ab1a376096a902e5ad5ab33fd2bb52d
SERVER_HANDSHAKE_TRAFFIC_SECRET 381bacc2b5e75d3ca9da416887bed97c5cc5f998fca03571258f08e8697cf921 e59af32e25f57da0e61a2df74d3d3198acaa063c465bbc478153846f4a05bba034008b2a84ddace879d986a6a8142b0d
EXPORTER_SECRET 381bacc2b5e75d3ca9da416887bed97c5cc5f998fca03571258f08e8697cf921 cbaeab2ba6a93567fe4594d5e5fe18f625d142f9adb48e803082d86294a776664e19ea42bfeb9f2539bad27485599a6f
SERVER_TRAFFIC_SECRET_0 381bacc2b5e75d3ca9da416887bed97c5cc5f998fca03571258f08e8697cf921 57845038493f632b133d157990bedef5e8e19cfac02d57d3780e02615166cab31b794476757679839a92a8bec249b904
CLIENT_HANDSHAKE_TRAFFIC_SECRET 381bacc2b5e75d3ca9da416887bed97c5cc5f998fca03571258f08e8697cf921 b41068dc982fc368437c951fc6f2c84e3b7b3043d26bf8eab0c84470135284ee2d3f4fac43f47ed89e71dd2665eb5a94
CLIENT_TRAFFIC_SECRET_0 381bacc2b5e75d3ca9da416887bed97c5cc5f998fca03571258f08e8697cf921 09bafa9be59d913f5b00bc16707f908360db421af7efc04051960097731a0e79f2d0425ca4a393fdd2e8c65ba223b447
SERVER_HANDSHAKE_TRAFFIC_SECRET f5f75cf4e6dc0ee1eb32023c1b328ab9d03b7002e1a0695323e3b750a5ef908c d1c990fb7c35f4ba985f8b013bbd4ff51d181a84ace9701be8ca2c37c645680c6c22a84f823927a72da2fe56c36a1cbc
EXPORTER_SECRET f5f75cf4e6dc0ee1eb32023c1b328ab9d03b7002e1a0695323e3b750a5ef908c 99f6556f64f81f828b26ce53be1f80041ad4395c31ea807a4308e0ac610ab3428804a8fb38e43fb137691cfad62a6395
SERVER_TRAFFIC_SECRET_0 f5f75cf4e6dc0ee1eb32023c1b328ab9d03b7002e1a0695323e3b750a5ef908c c94b4e7d6dddfd00bb665a9a6e9eeb6ec63a5f4da5ebbdf10abeea040a61bf22d789657e73ebc1371e1ddb1c3a40b723
CLIENT_HANDSHAKE_TRAFFIC_SECRET f5f75cf4e6dc0ee1eb32023c1b328ab9d03b7002e1a0695323e3b750a5ef908c a9d7e5207b22501ff8240947fab8051938302b5f1b4ca5c1d6236f363f430b418ee77f817f3a460d5842e3b4a0232a68
CLIENT_TRAFFIC_SECRET_0 f5f75cf4e6dc0ee1eb32023c1b328ab9d03b7002e1a0695323e3b750a5ef908c 319b329de6e7aec2bbe9732b4b45a514d36b60ad63b1dd231eea3bc1c16a0da3678b3b6891b7fca7d870fe6f97be3fa5
SERVER_HANDSHAKE_TRAFFIC_SECRET 8daa8e2cf696b476d7943066b118afe548d271a97bc8f02039899d3369266205 32287d80fc49ab6816015f80e0ec76d4cd8c5ddc95c53da0c875834bfdc2cc8a1d7fd3b092477027f408ffc27e5a8318
EXPORTER_SECRET 8daa8e2cf696b476d7943066b118afe548d271a97bc8f02039899d3369266205 580b4a3f5cbe4ba2a5b39a0ce18b14ab83a7b9ee37e575b84685870989eac8dd68a63dead2693c94d4bc7b54bae32c65
SERVER_TRAFFIC_SECRET_0 8daa8e2cf696b476d7943066b118afe548d271a97bc8f02039899d3369266205 5c9633612ff3e415fb626a391ef727b2d0c3ed615a1d71521b5dd023706370b8f036777df1c503b0c09e2520c838ba47
CLIENT_HANDSHAKE_TRAFFIC_SECRET 8daa8e2cf696b476d7943066b118afe548d271a97bc8f02039899d3369266205 1ac578a457f1df0c62b833e4c48c0bfd6ad6d4a5e544c1465350c9722ee7a5f75e88c129e5acb6724a5e2b2593a95cca
CLIENT_TRAFFIC_SECRET_0 8daa8e2cf696b476d7943066b118afe548d271a97bc8f02039899d3369266205 b6f68945456086b44ccf4b5eee9746522a0a837ad2957597733715c294b96e8d1b833b888112fb28fd01926fa0ddcf69
SERVER_HANDSHAKE_TRAFFIC_SECRET 8f25eeccc80b2e79ff6f1ab8ff4329afbdcd6b3bb3cc2f6dcabbfeba94a8771a 8ce4319f374c491629d6f072703b6221896dcac1410863789001ea98bd2221d7ed30f61cc9db89823d392b0698707c63
EXPORTER_SECRET 8f25eeccc80b2e79ff6f1ab8ff4329afbdcd6b3bb3cc2f6dcabbfeba94a8771a bdad345176ad1ac02ac12a2596229db6b36f962282591039dd17b97aab0ce40584e99be61707fc691452a58c491b8034
SERVER_TRAFFIC_SECRET_0 8f25eeccc80b2e79ff6f1ab8ff4329afbdcd6b3bb3cc2f6dcabbfeba94a8771a 7668aa3308fff779db9da75bbecb38ba344498657ad7825134077c9eb0e23ae77afb20e2f2633a06da5c41adef82b84b
CLIENT_HANDSHAKE_TRAFFIC_SECRET 8f25eeccc80b2e79ff6f1ab8ff4329afbdcd6b3bb3cc2f6dcabbfeba94a8771a add1a9a4189751addedf62502155ddaf217ee053e337bf7225265d43fdb8c6e47992f0d5ef80ce6078ce282669065b94
CLIENT_TRAFFIC_SECRET_0 8f25eeccc80b2e79ff6f1ab8ff4329afbdcd6b3bb3cc2f6dcabbfeba94a8771a 6521889862399c16beb5f6436e8fcc795293f6efb6477fe132754d5287ebfd0ad1fed554038d8b62dd07fd092a036074
SERVER_HANDSHAKE_TRAFFIC_SECRET 5e1b1467014807487b5c635bb8f25ad31da28b5f8f85e38c770ee146fd71c184 99df156d0c1ea4794fb4f4833c5a592cde2c3a963418df4a549ca9c524f946242f43e1ad2f102cf3961a742ba254eb4d
EXPORTER_SECRET 5e1b1467014807487b5c635bb8f25ad31da28b5f8f85e38c770ee146fd71c184 93e79ba9ecf6c37c674e24f313f38ef4aa2fc5f6f5f862721ee2005221615f7e29c30fa1e4ab330ab7a12e0946cc8a1c
SERVER_TRAFFIC_SECRET_0 5e1b1467014807487b5c635bb8f25ad31da28b5f8f85e38c770ee146fd71c184 193e4a09fa3bef223b497e500517355709d33c8b23f92e31bd95e5138cb41ac33d3dd128b2a50dbb902d370c62fd1f66
CLIENT_HANDSHAKE_TRAFFIC_SECRET 5e1b1467014807487b5c635bb8f25ad31da28b5f8f85e38c770ee146fd71c184 6c945db7db8a621e2a433fdf436dbf51ebb0f9f12208cc722c9706958cbb5893753a02ff45608c8c3f31574cc6449253
CLIENT_TRAFFIC_SECRET_0 5e1b1467014807487b5c635bb8f25ad31da28b5f8f85e38c770ee146fd71c184 96654f693fc05f23b6defe458545d173cf62f18578efaf12349c50de98f05a58d2d57fea3600066f789987f760551d10
SERVER_HANDSHAKE_TRAFFIC_SECRET 14f3b8d0a381bb33226143345cb9f0e4cee23800e487c746ad07d63a59b129c5 5ff4eb59d85752585974b3a811e1c61beecf8a7b6f23f7763ab3dbfc3d8dce8969a24da031c3e3339f9bdec78b7a62bf
EXPORTER_SECRET 14f3b8d0a381bb33226143345cb9f0e4cee23800e487c746ad07d63a59b129c5 9b3d5c52f2e9ce73f39b49318824e89a8527bc8338cbd7733288c6d6b4057dd94a2570b2b85757ac03fad400b3af14ec
SERVER_TRAFFIC_SECRET_0 14f3b8d0a381bb33226143345cb9f0e4cee23800e487c746ad07d63a59b129c5 5934f79fbfcd2d7a8cb9a684dec7d77d06a24b6b2107c88947eca0074efbf9c6a181d158870942ec9719d07b6825bd2d
CLIENT_HANDSHAKE_TRAFFIC_SECRET 14f3b8d0a381bb33226143345cb9f0e4cee23800e487c746ad07d63a59b129c5 cdfe52d05e2254a0d410284095420589d9e96fdc5d646fecd128d760934fa2a6a9abfd7b074d3fa5a7c97e25bd240fcd
CLIENT_TRAFFIC_SECRET_0 14f3b8d0a381bb33226143345cb9f0e4cee23800e487c746ad07d63a59b129c5 7f816d28055301be8f203d50c399d9f9ab8ec6b84182fd91a40297b60129842d91afccbfed31dad401ff2b530ed9b846
SERVER_HANDSHAKE_TRAFFIC_SECRET 16ebec124ad028ac403fd4dc9913df4d1c6c8657beb13e30b29c6b2c74287a08 4348e1f035fd04e3768e1278ce7939e8c190683a25854bba26b6c2099a417a8af7bef8b02b31c753664b1783688ccb2d
EXPORTER_SECRET 16ebec124ad028ac403fd4dc9913df4d1c6c8657beb13e30b29c6b2c74287a08 f7efd5212579e994ea73bc03d60bb719aadbe3abe4bee84706db65f040e9c557bd4ad7ffc362fcd1d0a4f0642b000602
SERVER_TRAFFIC_SECRET_0 16ebec124ad028ac403fd4dc9913df4d1c6c8657beb13e30b29c6b2c74287a08 11e288ee43bde2f6ec736b33d81cce6a6e1f95d2cac11b47a977f26a372e00802bd42ce568e8573d86e8648433aec2c3
CLIENT_HANDSHAKE_TRAFFIC_SECRET 16ebec124ad028ac403fd4dc9913df4d1c6c8657beb13e30b29c6b2c74287a08 b0c9f3469672a8f0c71dfb7f688296ada42702822e97b82ac81eec9f4ac8a17e3802a3d84055cd45dffe0ad2f5cf1742
CLIENT_TRAFFIC_SECRET_0 16ebec124ad028ac403fd4dc9913df4d1c6c8657beb13e30b29c6b2c74287a08 0d0ebecaa49c95fe57377133622f13297a6d596149513910f2cbd9c3f7ea95ee4336de418971a6144f34728dfd66d694
SERVER_HANDSHAKE_TRAFFIC_SECRET ea901eabc8226f4a8cbd843fdb68b5ceab7bdd305b2e55e2c22f74334bfe5d54 015997f6a12b7e538737f5de9f0daaebfece1ba45c011c96814ef7025452c7d19197c486f6ce0c013e7a2727486e35f7
EXPORTER_SECRET ea901eabc8226f4a8cbd843fdb68b5ceab7bdd305b2e55e2c22f74334bfe5d54 93634ae9be684d7fbc910b4593cdcfcf7317062b1e480f35fea619ff8e98a03c8f13268bcdcf8adfd95abac4f49331b8
SERVER_TRAFFIC_SECRET_0 ea901eabc8226f4a8cbd843fdb68b5ceab7bdd305b2e55e2c22f74334bfe5d54 cad7e5519a90cb1a2ab84f4eb776c8730f231548d0cb43fcd4dcc047cf096be61b9b0c70c67cccabe4d7fa99c5b38037
CLIENT_HANDSHAKE_TRAFFIC_SECRET ea901eabc8226f4a8cbd843fdb68b5ceab7bdd305b2e55e2c22f74334bfe5d54 f06dd60ed84a481c1a562cf1854e3ed5a1da01a59dbcb8478c808365f9e671dcaba2697b87024640a0ff9267fa9a826a
CLIENT_TRAFFIC_SECRET_0 ea901eabc8226f4a8cbd843fdb68b5ceab7bdd305b2e55e2c22f74334bfe5d54 eaddc80456d275fa1830f23d93f4262a59d53c4ed241372ea0167f5daced1b06ce0edee2aaff90e036e9d13c5915df08
